BILL_NO,BILL_DT,PROD_NO,PRODID,PR_BATCHNO,QTY,QTY_SCM,QTY_REPL,AC_NO,ACCOID,MRP,PR_SRATE,PUR_RATE,PR_TRATE,PR_DISC,SGST,CGST,SGSTAMT,CGSTAMT,PR_MARGIN,DISC_AMT,DISC_SCM,EXPIRY,COMP,CHLN_NO,CHLN_DT,VOU_NO,VOU_TYPE,VKEY_NOTYP,VOU_SERIS,VOU_DATE,PR_PTR,PR_SRATE2,PR_SRATE3,PR_PER2,PR_PER3,S_CODE,PR_SCM,SUR_AMT,TOT_AMT,SCM_AMT,ADD_VINP,ADD_VINS,MRP_INCL,IF_INCL,PR_EXAMT
NBPL/16,2025-04-02,   6583,0,25DB39Y,200,0,0,,1096,69.8,22.0,16.99,16.99,0.0,6.0,6.0,203.88,203.88,0.0,0.0,,01/27,,,,5,PR1,    5PR1,2526,2025-04-03,22.0,24.1,24.1,0.0,0.0,,0.0,,,0.0,,,,,0.0
NBPL/16,2025-04-02,   6638,0,LI532507E,50,0,0,,1096,470.35,130.0,99.0,99.0,0.0,2.5,2.5,123.75,123.75,0.0,0.0,,01/27,,,,5,PR1,    5PR1,2526,2025-04-03,130.0,130.0,130.0,0.0,0.0,,0.0,,,0.0,,,,,0.0
NBPL/16,2025-04-02,   6639,0,24GL22N,10,0,0,,1096,2275.0,286.4,229.0,229.0,0.0,6.0,6.0,137.4,137.4,0.0,0.0,,11/26,,,,5,PR1,    5PR1,2526,2025-04-03,286.4,358.0,358.0,0.0,0.0,,0.0,,,0.0,,,,,0.0
NBPL/16,2025-04-02,   6640,0,421,50,0,0,,1096,128.9,22.5,17.99,17.99,0.0,6.0,6.0,53.97,53.97,0.0,0.0,,08/26,,,,5,PR1,    5PR1,2526,2025-04-03,22.5,22.5,22.5,0.0,0.0,,0.0,,,0.0,,,,,0.0
CCB1108,2025-04-12,   3930,0,394070,2,0,0,,1031,2452.0,780.0,720.0,720.0,0.0,6.0,6.0,86.4,86.4,0.0,0.0,,06/26,,,,12,PR1,   12PR1,2526,2025-04-12,780.0,775.0,775.0,0.0,0.0,,0.0,,,0.0,,,,,0.0
CCB1108,2025-04-12,   3930,0,394069,3,0,0,,1031,2452.0,780.0,720.0,720.0,0.0,6.0,6.0,129.6,129.6,0.0,0.0,,05/26,,,,12,PR1,   12PR1,2526,2025-04-12,780.0,775.0,775.0,0.0,0.0,,0.0,,,0.0,,,,,0.0
CCB1108,2025-04-12,   3932,0,393217,1,0,0,,1031,1773.0,517.86,460.0,460.0,0.0,6.0,6.0,27.6,27.6,0.0,0.0,,12/26,,,,12,PR1,   12PR1,2526,2025-04-12,517.86,517.86,517.86,0.0,0.0,,0.0,,,0.0,,,,,0.0
CCB1108,2025-04-12,   3932,0,393199,1,0,0,,1031,1773.0,517.86,460.0,460.0,0.0,6.0,6.0,27.6,27.6,0.0,0.0,,07/26,,,,12,PR1,   12PR1,2526,2025-04-12,517.86,517.86,517.86,0.0,0.0,,0.0,,,0.0,,,,,0.0
CCB1108,2025-04-12,   3931,0,392042,5,0,0,,1031,581.5,214.28,140.0,140.0,0.0,6.0,6.0,42.0,42.0,0.0,0.0,,10/26,,,,12,PR1,   12PR1,2526,2025-04-12,214.28,214.28,214.28,0.0,0.0,,0.0,,,0.0,,,,,0.0
CCB1108,2025-04-12,   1170,0,OL0528,2,0,0,,1031,222.0,75.0,60.0,60.0,0.0,6.0,6.0,7.2,7.2,0.0,0.0,,02/5,,,,12,PR1,   12PR1,2526,2025-04-12,75.0,75.0,75.0,0.0,0.0,,0.0,,,0.0,,,,,0.0
CCB1108,2025-04-12,   1171,0,DRI2427BC,2,0,0,,1031,1177.0,207.14,187.5,187.5,0.0,6.0,6.0,22.5,22.5,0.0,0.0,,10/26,,,,12,PR1,   12PR1,2526,2025-04-12,207.14,320.0,320.0,0.0,0.0,,0.0,,,0.0,,,,,0.0
CCB1108,2025-04-12,   1157,0,CSI2507BC,5,0,0,,1031,396.75,287.0,180.0,180.0,0.0,6.0,6.0,54.0,54.0,0.0,0.0,,12/26,,,,12,PR1,   12PR1,2526,2025-04-12,287.0,190.0,190.0,0.0,0.0,,0.0,,,0.0,,,,,0.0
CCB1108,2025-04-12,   1156,0,CSI2507AC,5,0,0,,1031,79.0,60.0,50.0,50.0,0.0,3.0,3.0,7.5,7.5,0.0,0.0,,12/26,,,,12,PR1,   12PR1,2526,2025-04-12,60.0,60.0,60.0,0.0,0.0,,0.0,,,0.0,,,,,0.0
NCC/3654,2025-04-12,   2706,0,GD25198A,10,1,0,,1003,570.0,407.14,359.02,407.14,3.0,6.0,6.0,236.96,236.96,0.0,122.142,,02/27,,,,15,PR1,   15PR1,2526,2025-04-12,407.14,407.14,407.14,0.0,0.0,,0.0,,,0.0,,,,,0.0
NCC/3654,2025-04-12,   2708,0,GMLJ24A11H,5,0,0,,1003,1455.5,465.0,300.0,300.0,0.0,6.0,6.0,90.0,90.0,0.0,0.0,,09/26,,,,15,PR1,   15PR1,2526,2025-04-12,465.0,465.0,465.0,0.0,0.0,,0.0,,,0.0,,,,,0.0
CCB1197,2025-04-14,   6650,0,ELD7AM4011,3,0,0,,1003,2345.64,613.0,390.0,390.0,0.0,6.0,6.0,70.2,70.2,0.0,0.0,,09/26,,,,21,PR1,   21PR1,2526,2025-04-14,613.0,613.0,613.0,0.0,0.0,,0.0,,,0.0,,,,,0.0
CCB1197,2025-04-14,   2383,0,05241726,12,0,0,,1003,1314.0,225.0,160.71,160.71,0.0,6.0,6.0,115.71,115.71,0.0,0.0,,10/26,,,,21,PR1,   21PR1,2526,2025-04-14,225.0,280.0,280.0,0.0,0.0,,0.0,,,0.0,,,,,0.0
CCB1197,2025-04-14,   2383,0,05241726,12,0,0,,1031,1314.0,225.0,160.71,160.71,0.0,6.0,6.0,115.71,115.71,0.0,0.0,,10/26,,,,21,PR1,   21PR1,2526,2025-04-14,225.0,280.0,280.0,0.0,0.0,,0.0,,,0.0,,,,,0.0
NCC/5118,2025-04-17,    456,0,M11022502A,1,0,0,,1003,3290.0,1605.0,1600.0,1600.0,0.0,6.0,6.0,96.0,96.0,0.0,0.0,,12/28,,,,28,PR1,   28PR1,2526,2025-04-17,1804.2,1804.2,1804.2,0.0,0.0,,0.0,,,0.0,,,,,0.0
CCB1108,2025-04-12,   3930,0,394070,2,0,0,,1031,2452.0,780.0,720.0,720.0,0.0,6.0,6.0,86.4,86.4,0.0,0.0,,06/26,,,,12,PR1,   12PR1,2526,2025-04-12,780.0,775.0,775.0,0.0,0.0,,0.0,,,0.0,,,,,0.0
CCB1108,2025-04-12,   3930,0,394069,3,0,0,,1031,2452.0,780.0,720.0,720.0,0.0,6.0,6.0,129.6,129.6,0.0,0.0,,05/26,,,,12,PR1,   12PR1,2526,2025-04-12,780.0,775.0,775.0,0.0,0.0,,0.0,,,0.0,,,,,0.0
CCB1108,2025-04-12,   3932,0,393217,1,0,0,,1031,1773.0,517.86,460.0,460.0,0.0,6.0,6.0,27.6,27.6,0.0,0.0,,12/26,,,,12,PR1,   12PR1,2526,2025-04-12,517.86,517.86,517.86,0.0,0.0,,0.0,,,0.0,,,,,0.0
CCB1108,2025-04-12,   3932,0,393199,1,0,0,,1031,1773.0,517.86,460.0,460.0,0.0,6.0,6.0,27.6,27.6,0.0,0.0,,07/26,,,,12,PR1,   12PR1,2526,2025-04-12,517.86,517.86,517.86,0.0,0.0,,0.0,,,0.0,,,,,0.0
CCB1108,2025-04-12,   3931,0,392042,5,0,0,,1031,581.5,214.28,140.0,140.0,0.0,6.0,6.0,42.0,42.0,0.0,0.0,,10/26,,,,12,PR1,   12PR1,2526,2025-04-12,214.28,214.28,214.28,0.0,0.0,,0.0,,,0.0,,,,,0.0
CCB1108,2025-04-12,   1170,0,OL0528,2,0,0,,1031,222.0,75.0,60.0,60.0,0.0,6.0,6.0,7.2,7.2,0.0,0.0,,09/25,,,,12,PR1,   12PR1,2526,2025-04-12,75.0,75.0,75.0,0.0,0.0,,0.0,,,0.0,,,,,0.0
CCB1108,2025-04-12,   1171,0,DRI2427BC,2,0,0,,1031,1177.0,207.14,187.5,187.5,0.0,6.0,6.0,22.5,22.5,0.0,0.0,,10/26,,,,12,PR1,   12PR1,2526,2025-04-12,207.14,320.0,320.0,0.0,0.0,,0.0,,,0.0,,,,,0.0
CCB1108,2025-04-12,   1157,0,CSI2507BC,5,0,0,,1031,396.75,287.0,180.0,180.0,0.0,6.0,6.0,54.0,54.0,0.0,0.0,,12/26,,,,12,PR1,   12PR1,2526,2025-04-12,287.0,190.0,190.0,0.0,0.0,,0.0,,,0.0,,,,,0.0
CCB1108,2025-04-12,   1156,0,CSI2507AC,5,0,0,,1031,79.0,60.0,50.0,50.0,0.0,3.0,3.0,7.5,7.5,0.0,0.0,,12/26,,,,12,PR1,   12PR1,2526,2025-04-12,60.0,60.0,60.0,0.0,0.0,,0.0,,,0.0,,,,,0.0
CCB2161,2025-04-25,   3556,0,ALA2402EPA,1,0,0,,1031,1600.0,680.0,550.0,550.0,0.0,2.5,2.5,13.75,13.75,0.0,0.0,,06/26,,,,46,PR1,   46PR1,2526,2025-04-25,680.0,680.0,680.0,0.0,0.0,,0.0,,,0.0,,,,,0.0
PED,2025-04-22,   6656,0,B0250019A,3,0,0,,1100,3200.0,1330.0,1230.0,1230.0,0.0,6.0,6.0,221.4,221.4,0.0,0.0,,12/26,,,,42,PR1,   42PR1,2526,2025-04-22,1330.0,1330.0,1330.0,0.0,0.0,,0.0,,,0.0,,,,,0.0
NCC/8669,2025-04-29,   3827,0,1740059,2,0,0,,1003,695.0,150.0,130.0,130.0,0.0,6.0,6.0,15.6,15.6,0.0,0.0,,09/26,,,,53,PR1,   53PR1,2526,2025-04-29,150.0,150.0,150.0,0.0,0.0,,0.0,,,0.0,,,,,0.0
NCC/8669,2025-04-29,   2655,0,OI24230,10,0,0,,1003,275.0,55.0,42.0,42.0,0.0,2.5,2.5,10.5,10.5,0.0,0.0,,08/26,,,,53,PR1,   53PR1,2526,2025-04-29,55.0,55.0,55.0,0.0,0.0,,0.0,,,0.0,,,,,0.0
NCC/8669,2025-04-29,   1932,0,312501P01,1,0,0,,1003,5538.0,1607.14,1500.0,1500.0,0.0,6.0,6.0,90.0,90.0,0.0,0.0,,12/26,,,,53,PR1,   53PR1,2526,2025-04-29,1607.14,1607.14,1607.14,0.0,0.0,,0.0,,,0.0,,,,,0.0
CASH 10547,2025-05-02,    627,0,BXK25T1,1,0,0,,1018,2192.0,1570.0,1565.71,1565.71,0.0,6.0,6.0,93.94,93.94,0.0,0.0,,09/26,,,,64,PR1,   64PR1,2526,2025-05-02,1570.0,1565.71,1565.71,0.0,0.0,,0.0,,,0.0,,,,,0.0
CASH 10547,2025-05-02,    631,0,BXK4GT1,1,0,0,,1018,2192.0,1570.0,1565.71,1565.71,0.0,6.0,6.0,93.94,93.94,0.0,0.0,,11/26,,,,64,PR1,   64PR1,2526,2025-05-02,1570.0,1570.0,1570.0,0.0,0.0,,0.0,,,0.0,,,,,0.0
CASH 10547,2025-05-02,    627,0,BXK25T1,1,0,0,,1018,2192.0,1570.0,1565.71,1565.71,0.0,6.0,6.0,91.12,91.12,0.0,0.0,,09/26,,,,64,PR1,   64PR1,2526,2025-05-02,1570.0,1565.71,1565.71,0.0,0.0,,0.0,,,0.0,,,,,0.0
CASH 10547,2025-05-02,    631,0,BXK4GT1,1,0,0,,1018,2192.0,1570.0,1565.71,1565.71,0.0,6.0,6.0,91.12,91.12,0.0,0.0,,11/26,,,,64,PR1,   64PR1,2526,2025-05-02,1570.0,1570.0,1570.0,0.0,0.0,,0.0,,,0.0,,,,,0.0
A/4937,2025-05-12,   1947,0,EPB6AV5010,9,0,0,,1100,447.33,120.0,67.0,67.0,0.0,3.0,3.0,18.09,18.09,0.0,0.0,,12/26,,,,79,PR1,   79PR1,2526,2025-05-12,120.0,120.0,120.0,0.0,0.0,,0.0,,,0.0,,,,,0.0
1696,2025-05-23,     31,0,J51,1,0,0,,1008,2444.0,830.0,820.0,820.0,0.0,2.5,2.5,20.5,20.5,0.0,0.0,,07/25,,,,98,PR1,   98PR1,2526,2025-05-23,830.0,949.25,949.25,0.0,0.0,,0.0,,,0.0,,,,,0.0
C/C3202,2025-05-29,   6494,0,2125020,10,0,0,,1016,6.16,4.8,4.75,4.75,0.0,6.0,6.0,2.85,2.85,0.0,0.0,,01/28,,,,106,PR1,  106PR1,2526,2025-05-29,4.8,5.0,5.0,0.0,0.0,,0.0,,,0.0,,,,,0.0
C/C3202,2025-05-29,   6674,0,A24AM097,20,0,0,,1016,5.96,4.0,3.5,3.5,0.0,6.0,6.0,4.2,4.2,0.0,0.0,,02/26,,,,106,PR1,  106PR1,2526,2025-05-29,4.0,4.0,4.0,0.0,0.0,,0.0,,,0.0,,,,,0.0
LCC,2025-05-28,   2819,0,**,5,0,0,,1003,1262.0,190.0,170.0,170.0,0.0,6.0,6.0,51.0,51.0,0.0,0.0,,00/00,,,,105,PR1,  105PR1,2526,2025-05-28,190.0,190.0,190.0,0.0,0.0,,0.0,,,0.0,,,,,0.0
CR/941,2025-06-06,   1631,0,BI240205A,3,0,0,,1026,1784.43,300.0,165.0,165.0,0.0,6.0,6.0,29.7,29.7,0.0,0.0,,10/26,,,,119,PR1,  119PR1,2526,2025-06-06,300.0,300.0,300.0,0.0,0.0,,0.0,,,0.0,,,,,0.0
C/C713,2025-06-21,   6615,0,RCARE,2,0,0,,1016,1150.0,241.5,190.0,190.0,0.0,6.0,6.0,22.8,22.8,0.0,0.0,,00/00,,,,155,PR1,  155PR1,2526,2025-06-21,241.5,210.0,210.0,0.0,0.0,,0.0,,,0.0,,,,,0.0
C/C713,2025-06-21,   6700,0,G24E020540,50,0,0,,1016,197.0,22.4,11.0,11.0,0.0,6.0,6.0,33.0,33.0,0.0,0.0,,09/29,,,,155,PR1,  155PR1,2526,2025-06-21,22.4,22.4,22.4,0.0,0.0,,0.0,,,0.0,,,,,0.0
C/C713,2025-06-21,   6701,0,LDZ24310,50,0,0,,1016,14.18,10.0,8.0,8.0,0.0,6.0,6.0,24.0,24.0,0.0,0.0,,03/26,,,,155,PR1,  155PR1,2526,2025-06-21,10.0,10.0,10.0,0.0,0.0,,0.0,,,0.0,,,,,0.0
C/C713,2025-06-21,   6702,0,G25A30037,50,0,0,,1016,5.0,4.0,2.1,2.1,0.0,6.0,6.0,6.3,6.3,0.0,0.0,,12/28,,,,155,PR1,  155PR1,2526,2025-06-21,4.0,4.0,4.0,0.0,0.0,,0.0,,,0.0,,,,,0.0
C/C713,2025-06-21,   6631,0,51202104EF,300,0,0,,1016,5.9,3.0,1.85,1.85,0.0,6.0,6.0,33.3,33.3,0.0,0.0,,02/30,,,,155,PR1,  155PR1,2526,2025-06-21,3.0,2.0,2.0,0.0,0.0,,0.0,,,0.0,,,,,0.0
C/C713,2025-06-21,   6630,0,512104EF2,100,0,0,,1016,13.0,5.0,3.8,3.8,0.0,6.0,6.0,22.8,22.8,0.0,0.0,,02/30,,,,155,PR1,  155PR1,2526,2025-06-21,5.0,5.0,5.0,0.0,0.0,,0.0,,,0.0,,,,,0.0
C/C713,2025-06-21,   6673,0,AYJH00670,1,0,0,,1016,849.0,522.32,490.0,490.0,0.0,6.0,6.0,29.4,29.4,0.0,0.0,,06/26,,,,155,PR1,  155PR1,2526,2025-06-21,522.32,522.32,522.32,0.0,0.0,,0.0,,,0.0,,,,,0.0
C/C713,2025-06-21,   6615,0,RCARE,2,0,0,,1016,1150.0,241.5,190.0,190.0,0.0,6.0,6.0,22.8,22.8,0.0,0.0,,00/00,,,,155,PR1,  155PR1,2526,2025-06-21,241.5,210.0,210.0,0.0,0.0,,0.0,,,0.0,,,,,0.0
C/C713,2025-06-21,   6700,0,G24E020540,50,0,0,,1016,197.0,22.4,11.0,11.0,0.0,6.0,6.0,33.0,33.0,0.0,0.0,,09/29,,,,155,PR1,  155PR1,2526,2025-06-21,22.4,22.4,22.4,0.0,0.0,,0.0,,,0.0,,,,,0.0
C/C713,2025-06-21,   6701,0,LDZ24310,50,0,0,,1016,14.18,10.0,8.0,8.0,0.0,6.0,6.0,24.0,24.0,0.0,0.0,,03/26,,,,155,PR1,  155PR1,2526,2025-06-21,10.0,10.0,10.0,0.0,0.0,,0.0,,,0.0,,,,,0.0
C/C713,2025-06-21,   6631,0,51202104EF,300,0,0,,1016,5.9,3.0,1.85,1.85,0.0,6.0,6.0,33.3,33.3,0.0,0.0,,02/30,,,,155,PR1,  155PR1,2526,2025-06-21,3.0,2.0,2.0,0.0,0.0,,0.0,,,0.0,,,,,0.0
C/C713,2025-06-21,   6630,0,512104EF2,100,0,0,,1016,13.0,5.0,3.8,3.8,0.0,6.0,6.0,22.8,22.8,0.0,0.0,,02/30,,,,155,PR1,  155PR1,2526,2025-06-21,5.0,5.0,5.0,0.0,0.0,,0.0,,,0.0,,,,,0.0
C/C713,2025-06-21,   6673,0,AYJH00670,1,0,0,,1016,849.0,522.32,490.0,490.0,0.0,6.0,6.0,29.4,29.4,0.0,0.0,,06/26,,,,155,PR1,  155PR1,2526,2025-06-21,522.32,522.32,522.32,0.0,0.0,,0.0,,,0.0,,,,,0.0
CH/1207,2025-06-21,   1571,0,4S60273,80,0,0,,157,13.35,7.8,5.8,5.8,0.0,6.0,6.0,27.84,27.84,0.0,0.0,,11/27,,,,157,PR1,  157PR1,2526,2025-06-21,7.8,10.0,10.0,0.0,0.0,,0.0,,,0.0,,,,,0.0
CH/1207,2025-06-21,   6491,0,VH1034036,72,0,0,,157,38.6,12.0,8.5,8.5,0.0,6.0,6.0,36.72,36.72,0.0,0.0,,06/26,,,,157,PR1,  157PR1,2526,2025-06-21,12.0,12.0,12.0,0.0,0.0,,0.0,,,0.0,,,,,0.0
CH/1207,2025-06-21,   6256,0,MA25A64,50,0,0,,157,35.0,15.5,7.0,7.0,0.0,6.0,6.0,21.0,21.0,0.0,0.0,,06/26,,,,157,PR1,  157PR1,2526,2025-06-21,15.5,7.5,7.5,0.0,0.0,,0.0,,,0.0,,,,,0.0
CH/1207,2025-06-21,   3987,0,KP1568191,20,0,0,,157,26.38,7.0,6.79,7.0,3.0,6.0,6.0,8.15,8.15,0.0,4.2,,02/27,,,,157,PR1,  157PR1,2526,2025-06-21,7.0,8.5,8.5,0.0,0.0,,0.0,,,0.0,,,,,0.0
CH/1207,2025-06-21,   6703,0,OP-151,1,0,0,,157,50.0,31.25,23.0,23.0,0.0,6.0,6.0,1.38,1.38,0.0,0.0,,04/26,,,,157,PR1,  157PR1,2526,2025-06-21,31.25,31.25,31.25,0.0,0.0,,0.0,,,0.0,,,,,0.0
CH/1207,2025-06-21,   5328,0,PA24157,50,0,0,,157,43.56,29.0,27.32,27.32,0.0,6.0,6.0,81.96,81.96,0.0,0.0,,11/26,,,,157,PR1,  157PR1,2526,2025-06-21,29.0,29.0,29.0,0.0,0.0,,0.0,,,0.0,,,,,0.0
2526CCB3780,2025-07-03,   3988,0,29860,2,0,0,,1078,840.5,280.0,260.0,260.0,0.0,6.0,6.0,31.2,31.2,0.0,0.0,,08/26,,,,172,PR1,  172PR1,2526,2025-07-07,280.0,280.0,280.0,0.0,0.0,,0.0,,,0.0,,,,,0.0
2526CCB3780,2025-07-03,   3990,0,29737,3,0,0,,1078,540.4,200.0,186.0,186.0,0.0,0.0,0.0,0.0,0.0,0.0,0.0,,08/26,,,,172,PR1,  172PR1,2526,2025-07-07,200.0,200.0,200.0,0.0,0.0,,0.0,,,0.0,,,,,0.0
2526CCB3780,2025-07-03,   3931,0,392042,1,0,0,,1078,581.5,214.28,207.32,207.32,0.0,6.0,6.0,12.44,12.44,0.0,0.0,,10/26,,,,172,PR1,  172PR1,2526,2025-07-07,214.28,214.28,214.28,0.0,0.0,,0.0,,,0.0,,,,,0.0
2526CCB3780,2025-07-03,   3932,0,393232,1,0,0,,1078,1803.5,517.86,494.96,494.96,0.0,6.0,6.0,29.7,29.7,0.0,0.0,,03/27,,,,172,PR1,  172PR1,2526,2025-07-07,517.86,517.86,517.86,0.0,0.0,,0.0,,,0.0,,,,,0.0
2526CCB3780,2025-07-03,   3930,0,394507,1,0,0,,1078,2230.0,780.0,760.0,760.0,0.0,6.0,6.0,45.6,45.6,0.0,0.0,,10/25,,,,172,PR1,  172PR1,2526,2025-07-07,780.0,775.0,775.0,0.0,0.0,,0.0,,,0.0,,,,,0.0
2526CCB3780,2025-07-03,   2082,0,87250068AA,2,0,0,,1078,992.25,625.0,625.0,625.0,0.0,6.0,6.0,75.0,75.0,0.0,0.0,,01/26,,,,172,PR1,  172PR1,2526,2025-07-07,625.0,620.0,620.0,0.0,0.0,,0.0,,,0.0,,,,,0.0
C/C6659,2025-07-19,   6716,0,250300511T,50,0,0,,1016,125.0,50.0,38.5,38.5,0.0,6.0,6.0,115.5,115.5,0.0,0.0,,03/26,,,,195,PR1,  195PR1,2526,2025-07-22,50.0,50.0,50.0,0.0,0.0,,0.0,,,0.0,,,,,0.0
C/C6659,2025-07-19,   6704,0,GE04525,1,0,0,,1016,109.76,85.0,82.32,82.32,0.0,6.0,6.0,4.94,4.94,0.0,0.0,,04/27,,,,195,PR1,  195PR1,2526,2025-07-22,85.0,85.0,85.0,0.0,0.0,,0.0,,,0.0,,,,,0.0
C/C6659,2025-07-19,   6717,0,TSPSMP8F25,50,0,0,,1016,82.0,50.0,16.0,16.0,0.0,6.0,6.0,48.0,48.0,0.0,0.0,,04/30,,,,195,PR1,  195PR1,2526,2025-07-22,50.0,50.0,50.0,0.0,0.0,,0.0,,,0.0,,,,,0.0
C/C6659,2025-07-19,   6552,0,**,2,0,0,,1016,0.0,380.0,310.0,310.0,0.0,6.0,6.0,37.2,37.2,0.0,0.0,,00/00,,,,195,PR1,  195PR1,2526,2025-07-22,380.0,270.0,270.0,0.0,0.0,,0.0,,,0.0,,,,,0.0
C/C6659,2025-07-19,   6715,0,AS2512,4,0,0,,1016,750.0,150.0,80.0,80.0,0.0,6.0,6.0,19.2,19.2,0.0,0.0,,04/28,,,,195,PR1,  195PR1,2526,2025-07-22,150.0,150.0,150.0,0.0,0.0,,0.0,,,0.0,,,,,0.0
C/C6659,2025-07-19,   6292,0,SMDGS3101,5,0,0,,1016,120.0,68.75,22.0,22.0,0.0,6.0,6.0,6.6,6.6,0.0,0.0,,12/27,,,,195,PR1,  195PR1,2526,2025-07-22,35.0,24.0,24.0,0.0,0.0,,0.0,,,0.0,,,,,0.0
C/C6659,2025-07-19,   6614,0,KOSMED,1,0,0,,1016,530.0,120.0,26.0,26.0,0.0,9.0,9.0,2.34,2.34,0.0,0.0,,00/00,,,,195,PR1,  195PR1,2526,2025-07-22,120.0,75.0,75.0,0.0,0.0,,0.0,,,0.0,,,,,0.0
CA/51437,2025-07-14,   6718,0,DM504,45,5,0,,1118,312.0,232.14,184.19,204.66,0.0,6.0,6.0,552.58,552.58,0.0,0.0,,01/27,,,,198,PR1,  198PR1,2526,2025-07-23,232.14,232.14,232.14,0.0,0.0,,0.0,,,0.0,,,,,0.0
CA/51437,2025-07-14,   6719,0,BP1PC403,27,3,0,,1118,137.5,102.31,81.17,90.19,0.0,6.0,6.0,146.11,146.11,0.0,0.0,,09/26,,,,198,PR1,  198PR1,2526,2025-07-23,102.31,84.44,84.44,0.0,0.0,,0.0,,,0.0,,,,,0.0
CA/51437,2025-07-14,   6720,0,BD2TI503,90,10,0,,1118,113.5,84.44,67.01,74.45,0.0,6.0,6.0,402.03,402.03,0.0,0.0,,09/26,,,,198,PR1,  198PR1,2526,2025-07-23,84.44,84.44,84.44,0.0,0.0,,0.0,,,0.0,,,,,0.0
CA/51437,2025-07-14,   6721,0,ED1PC501,38,2,0,,1118,277.5,206.47,172.94,182.04,0.0,6.0,6.0,415.05,415.05,0.0,0.0,,01/27,,,,198,PR1,  198PR1,2526,2025-07-23,206.47,206.47,206.47,0.0,0.0,,0.0,,,0.0,,,,,0.0
CA/51437,2025-07-14,   6722,0,ED2PC505,19,1,0,,1118,369.5,274.92,230.26,242.38,0.0,6.0,6.0,276.31,276.31,0.0,0.0,,01/27,,,,198,PR1,  198PR1,2526,2025-07-23,274.92,274.92,274.92,0.0,0.0,,0.0,,,0.0,,,,,0.0
CA/51437,2025-07-14,   6723,0,LZ2TI433,33,3,0,,1118,399.0,296.88,239.92,261.73,0.0,6.0,6.0,518.23,518.23,0.0,0.0,,11/26,,,,198,PR1,  198PR1,2526,2025-07-23,296.88,296.88,296.88,0.0,0.0,,0.0,,,0.0,,,,,0.0
CA/51437,2025-07-14,   6724,0,DU5PA501A,24,0,0,,1118,200.0,148.81,131.19,131.19,0.0,6.0,6.0,188.91,188.91,0.0,0.0,,03/28,,,,198,PR1,  198PR1,2526,2025-07-23,148.81,148.81,148.81,0.0,0.0,,0.0,,,0.0,,,,,0.0
CA/51437,2025-07-14,   6725,0,A15062501,20,0,0,,1118,260.0,193.45,170.55,170.55,0.0,6.0,6.0,204.66,204.66,0.0,0.0,,04/27,,,,198,PR1,  198PR1,2526,2025-07-23,193.45,193.45,193.45,0.0,0.0,,0.0,,,0.0,,,,,0.0
CA/51437,2025-07-14,   6726,0,UH1SL405,38,2,0,,1118,301.5,224.33,187.88,197.77,0.0,6.0,6.0,450.92,450.92,0.0,0.0,,08/26,,,,198,PR1,  198PR1,2526,2025-07-23,224.33,224.33,224.33,0.0,0.0,,0.0,,,0.0,,,,,0.0
CA/51437,2025-07-14,   6727,0,EZ3PC501,50,0,0,,1118,20.0,14.88,13.12,13.12,0.0,6.0,6.0,39.36,39.36,0.0,0.0,,02/27,,,,198,PR1,  198PR1,2526,2025-07-23,14.88,14.88,14.88,0.0,0.0,,0.0,,,0.0,,,,,0.0
CA/51437,2025-07-14,   6718,0,DM504,45,5,0,,1118,312.0,232.14,184.19,204.66,0.0,6.0,6.0,552.58,552.58,0.0,0.0,,01/27,,,,198,PR1,  198PR1,2526,2025-07-23,232.14,232.14,232.14,0.0,0.0,,0.0,,,0.0,,,,,0.0
CA/51437,2025-07-14,   6719,0,BP1PC403,27,3,0,,1118,137.5,102.31,81.17,90.19,0.0,6.0,6.0,146.11,146.11,0.0,0.0,,09/26,,,,198,PR1,  198PR1,2526,2025-07-23,102.31,84.44,84.44,0.0,0.0,,0.0,,,0.0,,,,,0.0
CA/51437,2025-07-14,   6720,0,BD2TI503,90,10,0,,1118,113.5,84.44,67.01,74.45,0.0,6.0,6.0,402.03,402.03,0.0,0.0,,09/26,,,,198,PR1,  198PR1,2526,2025-07-23,84.44,84.44,84.44,0.0,0.0,,0.0,,,0.0,,,,,0.0
CA/51437,2025-07-14,   6721,0,ED1PC501,38,2,0,,1118,277.5,206.47,172.94,182.04,0.0,6.0,6.0,415.05,415.05,0.0,0.0,,01/27,,,,198,PR1,  198PR1,2526,2025-07-23,206.47,206.47,206.47,0.0,0.0,,0.0,,,0.0,,,,,0.0
CA/51437,2025-07-14,   6722,0,ED2PC505,19,1,0,,1118,369.5,274.92,230.26,242.38,0.0,6.0,6.0,276.31,276.31,0.0,0.0,,01/27,,,,198,PR1,  198PR1,2526,2025-07-23,274.92,274.92,274.92,0.0,0.0,,0.0,,,0.0,,,,,0.0
CA/51437,2025-07-14,   6723,0,LZ2TI433,33,3,0,,1118,399.0,296.88,239.92,261.73,0.0,6.0,6.0,518.23,518.23,0.0,0.0,,11/26,,,,198,PR1,  198PR1,2526,2025-07-23,296.88,296.88,296.88,0.0,0.0,,0.0,,,0.0,,,,,0.0
CA/51437,2025-07-14,   6724,0,DU5PA501A,24,0,0,,1118,200.0,148.81,131.19,131.19,0.0,6.0,6.0,188.91,188.91,0.0,0.0,,03/28,,,,198,PR1,  198PR1,2526,2025-07-23,148.81,148.81,148.81,0.0,0.0,,0.0,,,0.0,,,,,0.0
CA/51437,2025-07-14,   6725,0,A15062501,20,0,0,,1118,260.0,193.45,170.55,170.55,0.0,6.0,6.0,204.66,204.66,0.0,0.0,,04/27,,,,198,PR1,  198PR1,2526,2025-07-23,193.45,193.45,193.45,0.0,0.0,,0.0,,,0.0,,,,,0.0
CA/51437,2025-07-14,   6726,0,UH1SL405,38,2,0,,1118,301.5,224.33,187.88,197.77,0.0,6.0,6.0,450.92,450.92,0.0,0.0,,08/26,,,,198,PR1,  198PR1,2526,2025-07-23,224.33,224.33,224.33,0.0,0.0,,0.0,,,0.0,,,,,0.0
CA/51437,2025-07-14,   6727,0,EZ3PC501,50,0,0,,1118,20.0,14.88,13.12,13.12,0.0,6.0,6.0,39.36,39.36,0.0,0.0,,02/27,,,,198,PR1,  198PR1,2526,2025-07-23,14.88,14.88,14.88,0.0,0.0,,0.0,,,0.0,,,,,0.0
CA/51437,2025-07-14,   6718,0,DM504,45,5,0,,1118,312.0,232.14,184.19,204.66,0.0,6.0,6.0,552.58,552.58,0.0,0.0,,01/27,,,,198,PR1,  198PR1,2526,2025-07-23,232.14,232.14,232.14,0.0,0.0,,0.0,,,0.0,,,,,0.0
CA/51437,2025-07-14,   6719,0,BP1PC403,27,3,0,,1118,137.5,102.31,81.17,90.19,0.0,6.0,6.0,146.11,146.11,0.0,0.0,,09/26,,,,198,PR1,  198PR1,2526,2025-07-23,102.31,84.44,84.44,0.0,0.0,,0.0,,,0.0,,,,,0.0
CA/51437,2025-07-14,   6720,0,BD2TI503,90,10,0,,1118,113.5,84.44,67.01,74.45,0.0,6.0,6.0,402.03,402.03,0.0,0.0,,09/26,,,,198,PR1,  198PR1,2526,2025-07-23,84.44,84.44,84.44,0.0,0.0,,0.0,,,0.0,,,,,0.0
CA/51437,2025-07-14,   6721,0,ED1PC501,38,2,0,,1118,277.5,206.47,172.94,182.04,0.0,6.0,6.0,415.05,415.05,0.0,0.0,,01/27,,,,198,PR1,  198PR1,2526,2025-07-23,206.47,206.47,206.47,0.0,0.0,,0.0,,,0.0,,,,,0.0
CA/51437,2025-07-14,   6722,0,ED2PC505,19,1,0,,1118,369.5,274.92,230.26,242.38,0.0,6.0,6.0,276.31,276.31,0.0,0.0,,01/27,,,,198,PR1,  198PR1,2526,2025-07-23,274.92,274.92,274.92,0.0,0.0,,0.0,,,0.0,,,,,0.0
CA/51437,2025-07-14,   6723,0,LZ2TI433,33,3,0,,1118,399.0,296.88,239.92,261.73,0.0,6.0,6.0,518.23,518.23,0.0,0.0,,11/26,,,,198,PR1,  198PR1,2526,2025-07-23,296.88,296.88,296.88,0.0,0.0,,0.0,,,0.0,,,,,0.0
CA/51437,2025-07-14,   6724,0,DU5PA501A,24,0,0,,1118,200.0,148.81,131.19,131.19,0.0,6.0,6.0,188.91,188.91,0.0,0.0,,03/28,,,,198,PR1,  198PR1,2526,2025-07-23,148.81,148.81,148.81,0.0,0.0,,0.0,,,0.0,,,,,0.0
CA/51437,2025-07-14,   6725,0,A15062501,20,0,0,,1118,260.0,193.45,170.55,170.55,0.0,6.0,6.0,204.66,204.66,0.0,0.0,,04/27,,,,198,PR1,  198PR1,2526,2025-07-23,193.45,193.45,193.45,0.0,0.0,,0.0,,,0.0,,,,,0.0
CA/51437,2025-07-14,   6726,0,UH1SL405,38,2,0,,1118,301.5,224.33,187.88,197.77,0.0,6.0,6.0,450.92,450.92,0.0,0.0,,08/26,,,,198,PR1,  198PR1,2526,2025-07-23,224.33,224.33,224.33,0.0,0.0,,0.0,,,0.0,,,,,0.0
CA/51437,2025-07-14,   6727,0,EZ3PC501,50,0,0,,1118,20.0,14.88,13.12,13.12,0.0,6.0,6.0,39.36,39.36,0.0,0.0,,02/27,,,,198,PR1,  198PR1,2526,2025-07-23,14.88,14.88,14.88,0.0,0.0,,0.0,,,0.0,,,,,0.0
CA/51437,2025-07-14,   6718,0,DM504,45,5,0,,1118,312.0,232.14,184.19,204.66,0.0,6.0,6.0,552.58,552.58,0.0,0.0,,01/27,,,,198,PR1,  198PR1,2526,2025-07-23,232.14,232.14,232.14,0.0,0.0,,0.0,,,0.0,,,,,0.0
CA/51437,2025-07-14,   6719,0,BP1PC403,27,3,0,,1118,137.5,102.31,81.17,90.19,0.0,6.0,6.0,146.11,146.11,0.0,0.0,,09/26,,,,198,PR1,  198PR1,2526,2025-07-23,102.31,84.44,84.44,0.0,0.0,,0.0,,,0.0,,,,,0.0
CA/51437,2025-07-14,   6720,0,BD2TI503,90,10,0,,1118,113.5,84.44,67.01,74.45,0.0,6.0,6.0,402.03,402.03,0.0,0.0,,09/26,,,,198,PR1,  198PR1,2526,2025-07-23,84.44,84.44,84.44,0.0,0.0,,0.0,,,0.0,,,,,0.0
CA/51437,2025-07-14,   6721,0,ED1PC501,38,2,0,,1118,277.5,206.47,172.94,182.04,0.0,6.0,6.0,415.05,415.05,0.0,0.0,,01/27,,,,198,PR1,  198PR1,2526,2025-07-23,206.47,206.47,206.47,0.0,0.0,,0.0,,,0.0,,,,,0.0
CA/51437,2025-07-14,   6722,0,ED2PC505,19,1,0,,1118,369.5,274.92,230.26,242.38,0.0,6.0,6.0,276.31,276.31,0.0,0.0,,01/27,,,,198,PR1,  198PR1,2526,2025-07-23,274.92,274.92,274.92,0.0,0.0,,0.0,,,0.0,,,,,0.0
CA/51437,2025-07-14,   6723,0,LZ2TI433,33,3,0,,1118,399.0,296.88,239.92,261.73,0.0,6.0,6.0,518.23,518.23,0.0,0.0,,11/26,,,,198,PR1,  198PR1,2526,2025-07-23,296.88,296.88,296.88,0.0,0.0,,0.0,,,0.0,,,,,0.0
CA/51437,2025-07-14,   6724,0,DU5PA501A,24,0,0,,1118,200.0,148.81,131.19,131.19,0.0,6.0,6.0,188.91,188.91,0.0,0.0,,03/28,,,,198,PR1,  198PR1,2526,2025-07-23,148.81,148.81,148.81,0.0,0.0,,0.0,,,0.0,,,,,0.0
CA/51437,2025-07-14,   6725,0,A15062501,20,0,0,,1118,260.0,193.45,170.55,170.55,0.0,6.0,6.0,204.66,204.66,0.0,0.0,,04/27,,,,198,PR1,  198PR1,2526,2025-07-23,193.45,193.45,193.45,0.0,0.0,,0.0,,,0.0,,,,,0.0
CA/51437,2025-07-14,   6726,0,UH1SL405,38,2,0,,1118,301.5,224.33,187.88,197.77,0.0,6.0,6.0,450.92,450.92,0.0,0.0,,08/26,,,,198,PR1,  198PR1,2526,2025-07-23,224.33,224.33,224.33,0.0,0.0,,0.0,,,0.0,,,,,0.0
CA/51437,2025-07-14,   6727,0,EZ3PC501,50,0,0,,1118,20.0,14.88,13.12,13.12,0.0,6.0,6.0,39.36,39.36,0.0,0.0,,02/27,,,,198,PR1,  198PR1,2526,2025-07-23,14.88,14.88,14.88,0.0,0.0,,0.0,,,0.0,,,,,0.0
CA/51437,2025-07-14,   6718,0,DM504,45,5,0,,1118,312.0,222.86,184.19,204.66,0.0,6.0,6.0,552.58,552.58,0.0,0.0,,01/27,,,,198,PR1,  198PR1,2526,2025-07-23,222.86,232.14,232.14,0.0,0.0,,0.0,,,0.0,,,,,0.0
CA/51437,2025-07-14,   6719,0,BP1PC403,27,3,0,,1118,137.5,99.92,81.17,90.19,0.0,6.0,6.0,146.11,146.11,0.0,0.0,,09/26,,,,198,PR1,  198PR1,2526,2025-07-23,99.92,84.44,84.44,0.0,0.0,,0.0,,,0.0,,,,,0.0
CA/51437,2025-07-14,   6720,0,BD2TI503,90,10,0,,1118,113.5,81.07,67.01,74.45,0.0,6.0,6.0,402.03,402.03,0.0,0.0,,09/26,,,,198,PR1,  198PR1,2526,2025-07-23,81.07,84.44,84.44,0.0,0.0,,0.0,,,0.0,,,,,0.0
CA/51437,2025-07-14,   6721,0,ED1PC501,38,2,0,,1118,277.5,198.21,172.94,182.04,0.0,6.0,6.0,415.05,415.05,0.0,0.0,,01/27,,,,198,PR1,  198PR1,2526,2025-07-23,198.21,206.47,206.47,0.0,0.0,,0.0,,,0.0,,,,,0.0
CA/51437,2025-07-14,   6722,0,ED2PC505,19,1,0,,1118,369.5,268.93,230.26,242.38,0.0,6.0,6.0,276.31,276.31,0.0,0.0,,01/27,,,,198,PR1,  198PR1,2526,2025-07-23,268.93,274.92,274.92,0.0,0.0,,0.0,,,0.0,,,,,0.0
CA/51437,2025-07-14,   6723,0,LZ2TI433,33,3,0,,1118,399.0,280.89,239.92,261.73,0.0,6.0,6.0,518.23,518.23,0.0,0.0,,11/26,,,,198,PR1,  198PR1,2526,2025-07-23,280.89,296.87,296.87,0.0,0.0,,0.0,,,0.0,,,,,0.0
CA/51437,2025-07-14,   6724,0,DU5PA501A,24,0,0,,1118,200.0,142.86,131.19,131.19,0.0,6.0,6.0,188.91,188.91,0.0,0.0,,03/28,,,,198,PR1,  198PR1,2526,2025-07-23,142.86,148.8,148.8,0.0,0.0,,0.0,,,0.0,,,,,0.0
CA/51437,2025-07-14,   6725,0,A15062501,20,0,0,,1118,260.0,183.04,170.55,170.55,0.0,6.0,6.0,204.66,204.66,0.0,0.0,,04/27,,,,198,PR1,  198PR1,2526,2025-07-23,183.04,193.45,193.45,0.0,0.0,,0.0,,,0.0,,,,,0.0
CA/51437,2025-07-14,   6726,0,UH1SL405,38,2,0,,1118,301.5,212.26,187.88,197.77,0.0,6.0,6.0,450.92,450.92,0.0,0.0,,08/26,,,,198,PR1,  198PR1,2526,2025-07-23,212.26,224.33,224.33,0.0,0.0,,0.0,,,0.0,,,,,0.0
CA/51437,2025-07-14,   6727,0,EZ3PC501,50,0,0,,1118,20.0,14.29,13.12,13.12,0.0,6.0,6.0,39.36,39.36,0.0,0.0,,02/27,,,,198,PR1,  198PR1,2526,2025-07-23,14.29,14.88,14.88,0.0,0.0,,0.0,,,0.0,,,,,0.0
CASH 11927,2025-08-06,   6554,0,DLF250144,10,26,0,,1063,227.5,180.0,45.14,162.5,0.0,6.0,6.0,97.5,97.5,0.0,0.0,,05/27,,,,209,PR1,  209PR1,2526,2025-08-06,180.0,180.0,180.0,0.0,0.0,,0.0,,,0.0,,,,,0.0
CA/51437,2025-07-14,   6718,0,DM504,45,5,0,,1118,312.0,222.86,184.19,204.66,0.0,6.0,6.0,552.58,552.58,0.0,0.0,,01/27,,,,198,PR1,  198PR1,2526,2025-07-23,222.86,232.14,232.14,0.0,0.0,,0.0,,,0.0,,,,,0.0
CA/51437,2025-07-14,   6719,0,BP1PC403,27,3,0,,1118,137.5,99.92,81.17,90.19,0.0,6.0,6.0,146.11,146.11,0.0,0.0,,09/26,,,,198,PR1,  198PR1,2526,2025-07-23,99.92,84.44,84.44,0.0,0.0,,0.0,,,0.0,,,,,0.0
CA/51437,2025-07-14,   6720,0,BD2TI503,90,10,0,,1118,113.5,81.07,67.01,74.45,0.0,6.0,6.0,402.03,402.03,0.0,0.0,,09/26,,,,198,PR1,  198PR1,2526,2025-07-23,81.07,84.44,84.44,0.0,0.0,,0.0,,,0.0,,,,,0.0
CA/51437,2025-07-14,   6721,0,ED1PC501,38,2,0,,1118,277.5,180.36,172.94,182.04,0.0,6.0,6.0,415.05,415.05,0.0,0.0,,01/27,,,,198,PR1,  198PR1,2526,2025-07-23,180.36,206.47,206.47,0.0,0.0,,0.0,,,0.0,,,,,0.0
CA/51437,2025-07-14,   6722,0,ED2PC505,19,1,0,,1118,369.5,268.93,230.26,242.38,0.0,6.0,6.0,276.31,276.31,0.0,0.0,,01/27,,,,198,PR1,  198PR1,2526,2025-07-23,268.93,274.92,274.92,0.0,0.0,,0.0,,,0.0,,,,,0.0
CA/51437,2025-07-14,   6723,0,LZ2TI433,33,3,0,,1118,399.0,280.89,239.92,261.73,0.0,6.0,6.0,518.23,518.23,0.0,0.0,,11/26,,,,198,PR1,  198PR1,2526,2025-07-23,280.89,296.87,296.87,0.0,0.0,,0.0,,,0.0,,,,,0.0
CA/51437,2025-07-14,   6724,0,DU5PA501A,24,0,0,,1118,200.0,142.86,131.19,131.19,0.0,6.0,6.0,188.91,188.91,0.0,0.0,,03/28,,,,198,PR1,  198PR1,2526,2025-07-23,142.86,148.8,148.8,0.0,0.0,,0.0,,,0.0,,,,,0.0
CA/51437,2025-07-14,   6725,0,A15062501,20,0,0,,1118,260.0,183.04,170.55,170.55,0.0,6.0,6.0,204.66,204.66,0.0,0.0,,04/27,,,,198,PR1,  198PR1,2526,2025-07-23,183.04,193.45,193.45,0.0,0.0,,0.0,,,0.0,,,,,0.0
CA/51437,2025-07-14,   6726,0,UH1SL405,38,2,0,,1118,301.5,212.26,187.88,197.77,0.0,6.0,6.0,450.92,450.92,0.0,0.0,,08/26,,,,198,PR1,  198PR1,2526,2025-07-23,212.26,224.33,224.33,0.0,0.0,,0.0,,,0.0,,,,,0.0
CA/51437,2025-07-14,   6727,0,EZ3PC501,50,0,0,,1118,20.0,14.29,13.12,13.12,0.0,6.0,6.0,39.36,39.36,0.0,0.0,,02/27,,,,198,PR1,  198PR1,2526,2025-07-23,14.29,14.88,14.88,0.0,0.0,,0.0,,,0.0,,,,,0.0
NBPL/16,2025-04-02,   6583,0,25DB39Y,200,0,0,,1096,69.8,22.0,16.99,16.99,0.0,6.0,6.0,203.88,203.88,0.0,0.0,,01/27,,,,5,PR1,    5PR1,2526,2025-04-03,22.0,24.1,24.1,0.0,0.0,,0.0,,,0.0,,,,,0.0
NBPL/16,2025-04-02,   6638,0,LI532507E,50,0,0,,1096,470.35,118.0,99.0,99.0,0.0,2.5,2.5,123.75,123.75,0.0,0.0,,01/27,,,,5,PR1,    5PR1,2526,2025-04-03,118.0,130.0,130.0,0.0,0.0,,0.0,,,0.0,,,,,0.0
NBPL/16,2025-04-02,   6639,0,24GL22N,10,0,0,,1096,2275.0,286.4,229.0,229.0,0.0,6.0,6.0,137.4,137.4,0.0,0.0,,11/26,,,,5,PR1,    5PR1,2526,2025-04-03,286.4,358.0,358.0,0.0,0.0,,0.0,,,0.0,,,,,0.0
NBPL/16,2025-04-02,   6640,0,421,50,0,0,,1096,128.9,22.5,17.99,17.99,0.0,6.0,6.0,53.97,53.97,0.0,0.0,,08/26,,,,5,PR1,    5PR1,2526,2025-04-03,22.5,22.5,22.5,0.0,0.0,,0.0,,,0.0,,,,,0.0
NBPL/16,2025-04-02,   6641,0,L1542413D,75,0,0,,1096,705.53,130.0,109.0,109.0,0.0,6.0,6.0,490.5,490.5,0.0,0.0,,03/26,,,,5,PR1,    5PR1,2526,2025-04-03,130.0,130.0,130.0,0.0,0.0,,0.0,,,0.0,,,,,0.0
NBPL/16,2025-04-02,   6641,0,L1542505A,25,0,0,,1096,705.53,130.0,109.0,109.0,0.0,6.0,6.0,163.5,163.5,0.0,0.0,,12/26,,,,5,PR1,    5PR1,2526,2025-04-03,130.0,130.0,130.0,0.0,0.0,,0.0,,,0.0,,,,,0.0
NBPL/16,2025-04-02,   6583,0,25DB39Y,200,0,0,,1096,69.8,22.0,16.99,16.99,0.0,6.0,6.0,203.88,203.88,0.0,0.0,,01/27,,,,5,PR1,    5PR1,2526,2025-04-03,22.0,24.1,24.1,0.0,0.0,,0.0,,,0.0,,,,,0.0
NBPL/16,2025-04-02,   6638,0,LI532507E,50,0,0,,1096,470.35,118.0,99.0,99.0,0.0,2.5,2.5,123.75,123.75,0.0,0.0,,01/27,,,,5,PR1,    5PR1,2526,2025-04-03,118.0,130.0,130.0,0.0,0.0,,0.0,,,0.0,,,,,0.0
NBPL/16,2025-04-02,   6639,0,24GL22N,10,0,0,,1096,2275.0,286.4,229.0,229.0,0.0,6.0,6.0,137.4,137.4,0.0,0.0,,11/26,,,,5,PR1,    5PR1,2526,2025-04-03,286.4,358.0,358.0,0.0,0.0,,0.0,,,0.0,,,,,0.0
NBPL/16,2025-04-02,   6640,0,421,50,0,0,,1096,128.9,22.5,17.99,17.99,0.0,6.0,6.0,53.97,53.97,0.0,0.0,,08/26,,,,5,PR1,    5PR1,2526,2025-04-03,22.5,22.5,22.5,0.0,0.0,,0.0,,,0.0,,,,,0.0
NBPL/16,2025-04-02,   6641,0,L1542413D,75,0,0,,1096,705.53,130.0,109.0,109.0,0.0,6.0,6.0,490.5,490.5,0.0,0.0,,03/26,,,,5,PR1,    5PR1,2526,2025-04-03,130.0,130.0,130.0,0.0,0.0,,0.0,,,0.0,,,,,0.0
NBPL/16,2025-04-02,   6641,0,L1542505A,25,0,0,,1096,705.53,130.0,109.0,109.0,0.0,6.0,6.0,163.5,163.5,0.0,0.0,,12/26,,,,5,PR1,    5PR1,2526,2025-04-03,130.0,130.0,130.0,0.0,0.0,,0.0,,,0.0,,,,,0.0
NBPL/16,2025-04-02,   6583,0,25DB39Y,200,0,0,,1096,69.8,22.0,16.99,16.99,0.0,6.0,6.0,203.88,203.88,0.0,0.0,,01/27,,,,5,PR1,    5PR1,2526,2025-04-03,22.0,24.1,24.1,0.0,0.0,,0.0,,,0.0,,,,,0.0
NBPL/16,2025-04-02,   6638,0,LI532507E,50,0,0,,1096,470.35,118.0,99.0,99.0,0.0,2.5,2.5,123.75,123.75,0.0,0.0,,01/27,,,,5,PR1,    5PR1,2526,2025-04-03,118.0,130.0,130.0,0.0,0.0,,0.0,,,0.0,,,,,0.0
NBPL/16,2025-04-02,   6639,0,24GL22N,10,0,0,,1096,2275.0,286.4,229.0,229.0,0.0,6.0,6.0,137.4,137.4,0.0,0.0,,11/26,,,,5,PR1,    5PR1,2526,2025-04-03,286.4,358.0,358.0,0.0,0.0,,0.0,,,0.0,,,,,0.0
NBPL/16,2025-04-02,   6640,0,421,50,0,0,,1096,128.9,22.5,17.99,17.99,0.0,6.0,6.0,53.97,53.97,0.0,0.0,,08/26,,,,5,PR1,    5PR1,2526,2025-04-03,22.5,22.5,22.5,0.0,0.0,,0.0,,,0.0,,,,,0.0
ERLOCIPPENDING,2025-04-07,   1523,0,G0103,2,0,0,,1003,9502.0,2705.0,2350.0,2350.0,0.0,6.0,6.0,282.0,282.0,0.0,0.0,,11/27,,,,8,PR1,    8PR1,2526,2025-04-07,2705.0,2705.0,2705.0,0.0,0.0,,0.0,,,0.0,,,,,0.0
CH/90,2025-04-07,   6464,0,4C40255,100,0,0,,157,22.0,11.0,9.0,9.0,0.0,6.0,6.0,54.0,54.0,0.0,0.0,,03/27,,,,10,PR1,   10PR1,2526,2025-04-09,11.0,11.0,11.0,0.0,0.0,,0.0,,,0.0,,,,,0.0
CH/90,2025-04-07,   6464,0,4C40255,100,0,0,,157,22.0,11.0,9.0,9.0,0.0,6.0,6.0,54.0,54.0,0.0,0.0,,03/27,,,,10,PR1,   10PR1,2526,2025-04-09,11.0,11.0,11.0,0.0,0.0,,0.0,,,0.0,,,,,0.0
CH/90,2025-04-07,   6740,0,006,1,0,0,,157,2000.0,245.0,230.0,230.0,0.0,6.0,6.0,13.8,13.8,0.0,0.0,,06/27,,,,10,PR1,   10PR1,2526,2025-04-09,245.0,245.0,245.0,0.0,0.0,,0.0,,,0.0,,,,,0.0
LMRCPENDINGITEMS,2025-04-03,   6494,0,0425003,20,0,0,,157,6.16,6.16,4.8,4.8,0.0,6.0,6.0,5.76,5.76,0.0,0.0,,12/27,,,,6,PR1,    6PR1,2526,2025-04-03,6.16,5.0,5.0,0.0,0.0,,0.0,,,0.0,,,,,0.0
LMRCPENDINGITEMS,2025-04-03,   6642,0,**,10,0,0,,157,225.0,225.0,220.0,220.0,0.0,6.0,6.0,132.0,132.0,0.0,0.0,,00/00,,,,6,PR1,    6PR1,2526,2025-04-03,225.0,225.0,225.0,0.0,0.0,,0.0,,,0.0,,,,,0.0
LMRCPENDINGITEMS,2025-04-03,   6643,0,**,1,0,0,,157,4.0,4.0,1.0,1.0,0.0,6.0,6.0,0.06,0.06,0.0,0.0,,00/00,,,,6,PR1,    6PR1,2526,2025-04-03,4.0,4.0,4.0,0.0,0.0,,0.0,,,0.0,,,,,0.0
CCB1108,2025-04-12,   3930,0,394070,2,0,0,,1031,2452.0,780.0,720.0,720.0,0.0,6.0,6.0,86.4,86.4,0.0,0.0,,06/26,,,,12,PR1,   12PR1,2526,2025-04-12,780.0,775.0,775.0,0.0,0.0,,0.0,,,0.0,,,,,0.0
CCB1108,2025-04-12,   3930,0,394069,3,0,0,,1031,2452.0,780.0,720.0,720.0,0.0,6.0,6.0,129.6,129.6,0.0,0.0,,05/26,,,,12,PR1,   12PR1,2526,2025-04-12,780.0,775.0,775.0,0.0,0.0,,0.0,,,0.0,,,,,0.0
CCB1108,2025-04-12,   3932,0,393217,1,0,0,,1031,1773.0,517.86,460.0,460.0,0.0,6.0,6.0,27.6,27.6,0.0,0.0,,12/26,,,,12,PR1,   12PR1,2526,2025-04-12,517.86,517.86,517.86,0.0,0.0,,0.0,,,0.0,,,,,0.0
CCB1108,2025-04-12,   3932,0,393199,1,0,0,,1031,1773.0,517.86,460.0,460.0,0.0,6.0,6.0,27.6,27.6,0.0,0.0,,07/26,,,,12,PR1,   12PR1,2526,2025-04-12,517.86,517.86,517.86,0.0,0.0,,0.0,,,0.0,,,,,0.0
CCB1108,2025-04-12,   3931,0,392042,5,0,0,,1031,581.5,214.28,140.0,140.0,0.0,6.0,6.0,42.0,42.0,0.0,0.0,,10/26,,,,12,PR1,   12PR1,2526,2025-04-12,214.28,214.28,214.28,0.0,0.0,,0.0,,,0.0,,,,,0.0
CCB1108,2025-04-12,   1170,0,OL0528,2,0,0,,1031,222.0,75.0,60.0,60.0,0.0,6.0,6.0,7.2,7.2,0.0,0.0,,09/25,,,,12,PR1,   12PR1,2526,2025-04-12,75.0,75.0,75.0,0.0,0.0,,0.0,,,0.0,,,,,0.0
CCB1108,2025-04-12,   1171,0,DRI2427BC,2,0,0,,1031,1177.0,207.14,187.5,187.5,0.0,6.0,6.0,22.5,22.5,0.0,0.0,,10/26,,,,12,PR1,   12PR1,2526,2025-04-12,207.14,320.0,320.0,0.0,0.0,,0.0,,,0.0,,,,,0.0
CCB1108,2025-04-12,   1157,0,CSI2507BC,3,0,0,,1031,396.75,287.0,180.0,180.0,0.0,6.0,6.0,32.4,32.4,0.0,0.0,,12/26,,,,12,PR1,   12PR1,2526,2025-04-12,287.0,190.0,190.0,0.0,0.0,,0.0,,,0.0,,,,,0.0
CCB1108,2025-04-12,   1156,0,CSI2507AC,5,0,0,,1031,79.0,60.0,50.0,50.0,0.0,3.0,3.0,7.5,7.5,0.0,0.0,,12/26,,,,12,PR1,   12PR1,2526,2025-04-12,60.0,60.0,60.0,0.0,0.0,,0.0,,,0.0,,,,,0.0
CCB1108,2025-04-12,   1157,0,CSI2510BC,1,0,0,,1031,396.75,287.0,180.0,180.0,0.0,6.0,6.0,10.8,10.8,0.0,0.0,,01/27,,,,12,PR1,   12PR1,2526,2025-04-12,287.0,190.0,190.0,0.0,0.0,,0.0,,,0.0,,,,,0.0
CCB1108,2025-04-12,   1157,0,CSI2502BC,1,0,0,,1031,396.75,287.0,180.0,180.0,0.0,6.0,6.0,10.8,10.8,0.0,0.0,,12/26,,,,12,PR1,   12PR1,2526,2025-04-12,287.0,190.0,190.0,0.0,0.0,,0.0,,,0.0,,,,,0.0
CASH1745,2025-04-18,   6589,0,24181109,20,4,0,,1063,44.75,33.56,26.63,31.96,0.0,6.0,6.0,38.35,38.35,0.0,0.0,,05/27,,,,34,PR1,   34PR1,2526,2025-04-18,33.56,32.0,32.0,0.0,0.0,,0.0,,,0.0,,,,,0.0
CASH1745,2025-04-18,   6654,0,24462188,10,2,0,,1063,27.3,21.84,17.06,20.47,0.0,6.0,6.0,12.28,12.28,0.0,0.0,,08/27,,,,34,PR1,   34PR1,2526,2025-04-18,21.84,21.84,21.84,0.0,0.0,,0.0,,,0.0,,,,,0.0
NCC/6323,2025-04-21,   2705,0,2GC24611A,10,2,0,,1003,539.0,389.0,320.83,385.0,0.0,6.0,6.0,231.0,231.0,0.0,0.0,,07/29,,,,40,PR1,   40PR1,2526,2025-04-21,389.0,389.0,389.0,0.0,0.0,,0.0,,,0.0,,,,,0.0
NCC/8669,2025-04-29,   3827,0,1740059,2,0,0,,1003,695.0,150.0,130.0,130.0,0.0,6.0,6.0,15.6,15.6,0.0,0.0,,09/26,,,,53,PR1,   53PR1,2526,2025-04-29,150.0,150.0,150.0,0.0,0.0,,0.0,,,0.0,,,,,0.0
NCC/8669,2025-04-29,   2655,0,OI24230,10,0,0,,1003,275.0,55.0,42.0,42.0,0.0,2.5,2.5,10.5,10.5,0.0,0.0,,08/26,,,,53,PR1,   53PR1,2526,2025-04-29,55.0,55.0,55.0,0.0,0.0,,0.0,,,0.0,,,,,0.0
NCC/8669,2025-04-29,   1932,0,312501P01,2,0,0,,1003,5538.0,1607.14,1500.0,1500.0,0.0,6.0,6.0,180.0,180.0,0.0,0.0,,12/26,,,,53,PR1,   53PR1,2526,2025-04-29,1607.14,1607.14,1607.14,0.0,0.0,,0.0,,,0.0,,,,,0.0
C/C1693,2025-04-30,   6661,0,G241010744,100,0,0,,1016,27.0,9.0,5.0,5.0,0.0,6.0,6.0,30.0,30.0,0.0,0.0,,08/29,,,,58,PR1,   58PR1,2526,2025-04-30,9.0,9.0,9.0,0.0,0.0,,0.0,,,0.0,,,,,0.0
C/C1693,2025-04-30,   6459,0,C35002,15,0,0,,1016,23.52,15.0,10.5,10.5,0.0,6.0,6.0,9.45,9.45,0.0,0.0,,12/26,,,,58,PR1,   58PR1,2526,2025-04-30,15.0,15.0,15.0,0.0,0.0,,0.0,,,0.0,,,,,0.0
A/,2025-05-10,   2082,0,87240093AB,2,0,0,,1100,992.0,620.0,600.0,600.0,0.0,6.0,6.0,72.0,72.0,0.0,0.0,,01/26,,,,77,PR1,   77PR1,2526,2025-05-10,620.0,620.0,620.0,0.0,0.0,,0.0,,,0.0,,,,,0.0
NCC/KEMOCARB,2025-05-13,   2082,0,87240093AB,3,0,0,,1003,992.0,620.0,600.0,600.0,0.0,6.0,6.0,108.0,108.0,0.0,0.0,,01/26,,,,81,PR1,   81PR1,2526,2025-05-13,620.0,620.0,620.0,0.0,0.0,,0.0,,,0.0,,,,,0.0
CASH 13823,2025-05-13,   6669,0,LGN06/312/0,8,0,0,,1018,190.0,136.71,135.71,135.71,0.0,6.0,6.0,65.14,65.14,0.0,0.0,,11/25,,,,82,PR1,   82PR1,2526,2025-05-13,136.71,136.71,136.71,0.0,0.0,,0.0,,,0.0,,,,,0.0
NCC,2025-05-16,   2655,0,OI24290,15,0,0,,1003,275.0,55.0,42.0,42.0,0.0,2.5,2.5,15.75,15.75,0.0,0.0,,11/26,,,,85,PR1,   85PR1,2526,2025-05-16,55.0,55.0,55.0,0.0,0.0,,0.0,,,0.0,,,,,0.0
NCC,2025-05-16,   2430,0,BK50250094,20,0,0,,1003,27.0,21.6,20.52,21.6,5.0,2.5,2.5,10.26,10.26,0.0,21.6,,02/27,,,,85,PR1,   85PR1,2526,2025-05-16,21.6,20.57,20.57,0.0,0.0,,0.0,,,0.0,,,,,0.0
NCC,2025-05-16,   2383,0,05241726,5,0,0,,1003,1314.0,225.0,180.0,180.0,0.0,6.0,6.0,54.0,54.0,0.0,0.0,,10/26,,,,85,PR1,   85PR1,2526,2025-05-16,225.0,280.0,280.0,0.0,0.0,,0.0,,,0.0,,,,,0.0
OXA,2025-05-16,   6650,0,ELD7AM4010,4,0,0,,1031,2345.64,490.25,390.0,390.0,0.0,2.5,2.5,39.0,39.0,0.0,0.0,,09/26,,,,86,PR1,   86PR1,2526,2025-05-16,490.25,613.0,613.0,0.0,0.0,,0.0,,,0.0,,,,,0.0
NCC/VIVITRA,2025-05-17,    261,0,B400475,1,0,0,,1003,40754.2,8214.28,7200.0,7200.0,0.0,6.0,6.0,432.0,432.0,0.0,0.0,,07/27,,,,87,PR1,   87PR1,2526,2025-05-17,8214.28,8214.28,8214.28,0.0,0.0,,0.0,,,0.0,,,,,0.0
CASH 4040,2025-05-17,    563,0,MPA250140,20,8,0,,1063,56.31,38.65,28.73,40.22,0.0,6.0,6.0,48.26,48.26,0.0,0.0,,04/27,,,,88,PR1,   88PR1,2526,2025-05-17,38.65,38.65,38.65,0.0,0.0,,0.0,,,0.0,,,,,0.0
CH/704,2025-05-17,   3933,0,1255163,20,0,0,,157,30.6,14.7,12.0,12.0,0.0,6.0,6.0,14.4,14.4,0.0,0.0,,12/25,,,,89,PR1,   89PR1,2526,2025-05-17,14.7,14.7,14.7,0.0,0.0,,0.0,,,0.0,,,,,0.0
CASH17160,2025-05-03,   6378,0,UA02039,2,0,0,,1025,208.8,149.14,149.14,149.14,0.0,6.0,6.0,17.9,17.9,0.0,0.0,,07/26,,,,90,PR1,   90PR1,2526,2025-05-19,149.14,149.14,149.14,0.0,0.0,,0.0,,,0.0,,,,,0.0
CASH17160,2025-05-03,   6671,0,25S3GTA024,3,0,0,,1025,286.5,204.64,204.64,204.64,0.0,6.0,6.0,36.84,36.84,0.0,0.0,,12/26,,,,90,PR1,   90PR1,2526,2025-05-19,204.64,204.64,204.64,0.0,0.0,,0.0,,,0.0,,,,,0.0
CASH17160,2025-05-03,   6672,0,TDX-2402,4,0,0,,1025,220.0,157.14,157.14,157.14,0.0,6.0,6.0,37.71,37.71,0.0,0.0,,11/26,,,,90,PR1,   90PR1,2526,2025-05-19,157.14,157.14,157.14,0.0,0.0,,0.0,,,0.0,,,,,0.0
E,2025-05-22,   6597,0,410,50,0,0,,157,11.4,5.1,4.9,4.9,0.0,6.0,6.0,14.7,14.7,0.0,0.0,,03/27,,,,96,PR1,   96PR1,2526,2025-05-22,5.1,5.1,5.1,0.0,0.0,,0.0,,,0.0,,,,,0.0
ES,2025-05-22,   6561,0,V4471565,25,0,0,,157,46.9,19.64,15.05,15.05,0.0,2.5,2.5,9.41,9.41,0.0,0.0,,09/26,,,,97,PR1,   97PR1,2526,2025-05-22,19.64,19.64,19.64,0.0,0.0,,0.0,,,0.0,,,,,0.0
NCC/20,2025-06-09,   2655,0,OI25018,20,0,0,,1003,275.0,55.0,42.0,42.0,0.0,2.5,2.5,21.0,21.0,0.0,0.0,,12/26,,,,129,PR1,  129PR1,2526,2025-06-09,55.0,55.0,55.0,0.0,0.0,,0.0,,,0.0,,,,,0.0
NCC/20,2025-06-09,   2071,0,87240388AA,5,0,0,,1003,1168.36,714.28,600.0,600.0,0.0,6.0,6.0,180.0,180.0,0.0,0.0,,09/26,,,,129,PR1,  129PR1,2526,2025-06-09,714.28,720.0,720.0,0.0,0.0,,0.0,,,0.0,,,,,0.0
COLYMONAS,2025-06-11,   2333,0,7A240005,9,0,0,,1003,1720.0,300.0,105.0,105.0,0.0,6.0,6.0,56.7,56.7,0.0,0.0,,07/26,,,,135,PR1,  135PR1,2526,2025-06-11,300.0,1228.57,1228.57,0.0,0.0,,0.0,,,0.0,,,,,0.0
BCCX,2025-06-13,   1148,0,CBT2414BC,1,0,0,,1003,2432.0,1450.0,1300.0,1300.0,0.0,2.5,2.5,32.5,32.5,0.0,0.0,,08/26,,,,136,PR1,  136PR1,2526,2025-06-13,1450.0,1450.0,1450.0,0.0,0.0,,0.0,,,0.0,,,,,0.0
C/C 4266,2025-06-14,   6688,0,C35002,20,0,0,,1016,23.52,12.59,8.5,8.5,0.0,6.0,6.0,10.2,10.2,0.0,0.0,,12/26,,,,140,PR1,  140PR1,2526,2025-06-14,12.59,12.59,12.59,0.0,0.0,,0.0,,,0.0,,,,,0.0
C/C 4266,2025-06-14,   6689,0,IGNITE,2,0,0,,1016,120.0,32.0,6.0,6.0,0.0,6.0,6.0,0.72,0.72,0.0,0.0,,08/28,,,,140,PR1,  140PR1,2526,2025-06-14,32.0,32.0,32.0,0.0,0.0,,0.0,,,0.0,,,,,0.0
C/C 4266,2025-06-14,   6690,0,4003125A,10,0,0,,1016,184.0,82.8,11.0,11.0,0.0,6.0,6.0,6.6,6.6,0.0,0.0,,12/29,,,,140,PR1,  140PR1,2526,2025-06-14,82.8,82.8,82.8,0.0,0.0,,0.0,,,0.0,,,,,0.0
C/C 4266,2025-06-14,   6691,0,41123S08G,10,0,0,,1016,29.0,13.05,4.5,4.5,0.0,6.0,6.0,2.7,2.7,0.0,0.0,,10/25,,,,140,PR1,  140PR1,2526,2025-06-14,13.05,13.05,13.05,0.0,0.0,,0.0,,,0.0,,,,,0.0
C/C 4266,2025-06-14,   6692,0,G24K010524,4,0,0,,1016,401.0,75.0,25.0,25.0,0.0,6.0,6.0,6.0,6.0,0.0,0.0,,10/29,,,,140,PR1,  140PR1,2526,2025-06-14,75.0,75.0,75.0,0.0,0.0,,0.0,,,0.0,,,,,0.0
C/C 4266,2025-06-14,   3530,0,2503042005,40,0,0,,1016,173.0,50.0,37.0,37.0,0.0,3.0,3.0,44.4,44.4,0.0,0.0,,12/27,,,,140,PR1,  140PR1,2526,2025-06-14,50.0,50.0,50.0,0.0,0.0,,0.0,,,0.0,,,,,0.0
C/C 4266,2025-06-14,   6693,0,P23CO2,1,0,0,,1016,150.0,82.5,58.0,58.0,0.0,6.0,6.0,3.48,3.48,0.0,0.0,,07/27,,,,140,PR1,  140PR1,2526,2025-06-14,82.5,82.5,82.5,0.0,0.0,,0.0,,,0.0,,,,,0.0
C/C 4266,2025-06-14,   6694,0,G25011105,1,0,0,,1016,572.0,178.0,78.0,78.0,0.0,2.5,2.5,1.95,1.95,0.0,0.0,,12/29,,,,140,PR1,  140PR1,2526,2025-06-14,178.0,178.0,178.0,0.0,0.0,,0.0,,,0.0,,,,,0.0
C/C 4266,2025-06-14,   6614,0,KA2501,2,0,0,,1016,299.0,120.0,26.0,26.0,0.0,9.0,9.0,4.68,4.68,0.0,0.0,,00/00,,,,140,PR1,  140PR1,2526,2025-06-14,120.0,75.0,75.0,0.0,0.0,,0.0,,,0.0,,,,,0.0
C/C 4266,2025-06-14,   6695,0,G25B010882,1,0,0,,1016,81.0,36.45,13.5,13.5,0.0,6.0,6.0,0.81,0.81,0.0,0.0,,01/30,,,,140,PR1,  140PR1,2526,2025-06-14,36.45,36.45,36.45,0.0,0.0,,0.0,,,0.0,,,,,0.0
C/C 4266,2025-06-14,   6615,0,RCARE,1,0,0,,1016,800.0,350.0,190.0,190.0,0.0,6.0,6.0,11.4,11.4,0.0,0.0,,00/00,,,,140,PR1,  140PR1,2526,2025-06-14,350.0,210.0,210.0,0.0,0.0,,0.0,,,0.0,,,,,0.0
C/C4266,2025-06-14,   6688,0,C35002,20,0,0,,1016,23.52,12.59,8.5,8.5,0.0,6.0,6.0,10.2,10.2,0.0,0.0,,12/26,,,,140,PR1,  140PR1,2526,2025-06-14,12.59,12.59,12.59,0.0,0.0,,0.0,,,0.0,,,,,0.0
C/C4266,2025-06-14,   6689,0,IGNITE,2,0,0,,1016,120.0,32.0,6.0,6.0,0.0,6.0,6.0,0.72,0.72,0.0,0.0,,08/28,,,,140,PR1,  140PR1,2526,2025-06-14,32.0,32.0,32.0,0.0,0.0,,0.0,,,0.0,,,,,0.0
C/C4266,2025-06-14,   6690,0,4003125A,10,0,0,,1016,184.0,82.8,11.0,11.0,0.0,6.0,6.0,6.6,6.6,0.0,0.0,,12/29,,,,140,PR1,  140PR1,2526,2025-06-14,82.8,82.8,82.8,0.0,0.0,,0.0,,,0.0,,,,,0.0
C/C4266,2025-06-14,   6691,0,41123S08G,10,0,0,,1016,29.0,13.05,4.5,4.5,0.0,6.0,6.0,2.7,2.7,0.0,0.0,,10/25,,,,140,PR1,  140PR1,2526,2025-06-14,13.05,13.05,13.05,0.0,0.0,,0.0,,,0.0,,,,,0.0
C/C4266,2025-06-14,   6692,0,G24K010524,4,0,0,,1016,401.0,75.0,25.0,25.0,0.0,6.0,6.0,6.0,6.0,0.0,0.0,,10/29,,,,140,PR1,  140PR1,2526,2025-06-14,75.0,75.0,75.0,0.0,0.0,,0.0,,,0.0,,,,,0.0
C/C4266,2025-06-14,   3530,0,2503042005,40,0,0,,1016,173.0,50.0,37.0,37.0,0.0,3.0,3.0,44.4,44.4,0.0,0.0,,12/27,,,,140,PR1,  140PR1,2526,2025-06-14,50.0,50.0,50.0,0.0,0.0,,0.0,,,0.0,,,,,0.0
C/C4266,2025-06-14,   6693,0,P23CO2,1,0,0,,1016,150.0,82.5,58.0,58.0,0.0,6.0,6.0,3.48,3.48,0.0,0.0,,07/27,,,,140,PR1,  140PR1,2526,2025-06-14,82.5,82.5,82.5,0.0,0.0,,0.0,,,0.0,,,,,0.0
C/C4266,2025-06-14,   6694,0,G25011105,1,0,0,,1016,572.0,178.0,78.0,78.0,0.0,2.5,2.5,1.95,1.95,0.0,0.0,,12/29,,,,140,PR1,  140PR1,2526,2025-06-14,178.0,178.0,178.0,0.0,0.0,,0.0,,,0.0,,,,,0.0
C/C4266,2025-06-14,   6614,0,KA2501,2,0,0,,1016,299.0,120.0,26.0,26.0,0.0,9.0,9.0,4.68,4.68,0.0,0.0,,00/00,,,,140,PR1,  140PR1,2526,2025-06-14,120.0,75.0,75.0,0.0,0.0,,0.0,,,0.0,,,,,0.0
C/C4266,2025-06-14,   6695,0,G25B010882,1,0,0,,1016,81.0,36.45,13.5,13.5,0.0,6.0,6.0,0.81,0.81,0.0,0.0,,01/30,,,,140,PR1,  140PR1,2526,2025-06-14,36.45,36.45,36.45,0.0,0.0,,0.0,,,0.0,,,,,0.0
C/C4266,2025-06-14,   6615,0,RCARE,1,0,0,,1016,800.0,350.0,190.0,190.0,0.0,6.0,6.0,11.4,11.4,0.0,0.0,,00/00,,,,140,PR1,  140PR1,2526,2025-06-14,350.0,210.0,210.0,0.0,0.0,,0.0,,,0.0,,,,,0.0
C/C4266,2025-06-14,   6673,0,AYKC01734,1,0,0,,1016,849.0,522.32,490.0,490.0,0.0,6.0,6.0,29.4,29.4,0.0,0.0,,04/26,,,,140,PR1,  140PR1,2526,2025-06-14,522.32,522.32,522.32,0.0,0.0,,0.0,,,0.0,,,,,0.0
V,2025-06-17,   3930,0,394069,1,0,0,,1078,2452.0,780.0,760.0,760.0,0.0,6.0,6.0,45.6,45.6,0.0,0.0,,05/26,,,,147,PR1,  147PR1,2526,2025-06-17,780.0,775.0,775.0,0.0,0.0,,0.0,,,0.0,,,,,0.0
V,2025-06-17,   3931,0,392042,1,0,0,,1078,581.5,214.28,140.0,140.0,0.0,6.0,6.0,8.4,8.4,0.0,0.0,,10/26,,,,147,PR1,  147PR1,2526,2025-06-17,214.28,214.28,214.28,0.0,0.0,,0.0,,,0.0,,,,,0.0
V,2025-06-17,   6498,0,1331166,1,0,0,,1078,396.4,287.0,285.8,285.8,0.0,6.0,6.0,17.15,17.15,0.0,0.0,,07/25,,,,147,PR1,  147PR1,2526,2025-06-17,287.0,295.0,295.0,0.0,0.0,,0.0,,,0.0,,,,,0.0
NCC/26701,2025-06-27,   2907,0,28030080,1,0,0,,1003,3985.25,2401.78,1300.0,1300.0,0.0,6.0,6.0,78.0,78.0,0.0,0.0,,10/27,,,,162,PR1,  162PR1,2526,2025-06-27,2401.78,2401.78,2401.78,0.0,0.0,,0.0,,,0.0,,,,,0.0
NCC/26701,2025-06-27,   2907,0,28030080,1,0,0,,1003,3985.25,2401.78,1300.0,1300.0,0.0,6.0,6.0,78.0,78.0,0.0,0.0,,10/27,,,,162,PR1,  162PR1,2526,2025-06-27,2401.78,2401.78,2401.78,0.0,0.0,,0.0,,,0.0,,,,,0.0
NCC/26701,2025-06-27,    241,0,TMGAA1508,1,0,0,,1003,341.2,187.5,140.0,140.0,0.0,6.0,6.0,8.4,8.4,0.0,0.0,,01/27,,,,162,PR1,  162PR1,2526,2025-06-27,187.5,187.5,187.5,0.0,0.0,,0.0,,,0.0,,,,,0.0
DD,2025-07-14,   6674,0,A24AM097,100,0,0,,1064,5.96,4.0,3.5,3.5,0.0,6.0,6.0,21.0,21.0,0.0,0.0,,02/26,,,,182,PR1,  182PR1,2526,2025-07-14,4.0,4.0,4.0,0.0,0.0,,0.0,,,0.0,,,,,0.0
CR/NEUKINE,2025-07-22,   2894,0,4480218,4,0,0,,1026,1321.78,178.85,135.0,135.0,0.0,6.0,6.0,32.4,32.4,0.0,0.0,,03/28,,,,192,PR1,  192PR1,2526,2025-07-22,178.85,187.5,187.5,0.0,0.0,,0.0,,,0.0,,,,,0.0
CM,2025-08-12,   2582,0,AB250184A,1,0,0,,1026,3588.43,1191.25,1150.0,1150.0,0.0,2.5,2.5,28.75,28.75,0.0,0.0,,04/27,,,,213,PR1,  213PR1,2526,2025-08-12,1191.25,1080.0,1080.0,0.0,0.0,,0.0,,,0.0,,,,,0.0
GLUTAWEL,2025-08-20,   4126,0,LY032421K,15,0,0,,1003,2400.0,220.0,220.0,220.0,0.0,6.0,6.0,198.0,198.0,0.0,0.0,,11/26,,,,220,PR1,  220PR1,2526,2025-08-20,220.0,320.0,320.0,0.0,0.0,,0.0,,,0.0,,,,,0.0
NACPSY,2025-05-20,   2819,0,**,3,0,0,,1003,1262.0,190.0,170.0,170.0,0.0,6.0,6.0,30.6,30.6,0.0,0.0,,00/00,,,,93,PR1,   93PR1,2526,2025-05-20,190.0,190.0,190.0,0.0,0.0,,0.0,,,0.0,,,,,0.0
CA/15414,2025-06-19,   6746,0,1456,1,0,0,,1064,800.0,224.0,220.0,220.0,0.0,6.0,6.0,12.8,12.8,0.0,0.0,,05/27,,,,264,PR1,  264PR1,2526,2025-09-18,224.0,224.0,224.0,0.0,0.0,,0.0,,,0.0,,,,,0.0
CA/15414,2025-06-19,   1285,0,467,6,0,0,,1064,60.0,25.0,20.0,20.0,0.0,3.0,3.0,3.49,3.49,0.0,0.0,,08/27,,,,264,PR1,  264PR1,2526,2025-09-18,25.0,25.0,25.0,0.0,0.0,,0.0,,,0.0,,,,,0.0
CA/15414,2025-06-19,   6510,0,PPC050,6,0,0,,1064,80.0,38.0,34.0,34.0,0.0,6.0,6.0,11.87,11.87,0.0,0.0,,12/26,,,,264,PR1,  264PR1,2526,2025-09-18,38.0,38.0,38.0,0.0,0.0,,0.0,,,0.0,,,,,0.0
NEOMOL,2025-09-10,   6738,0,383T865,5,0,0,,1026,574.0,42.0,38.0,38.0,0.0,6.0,6.0,11.4,11.4,0.0,0.0,,05/27,,,,236,PR1,  236PR1,2526,2025-09-10,42.0,42.0,42.0,0.0,0.0,,0.0,,,0.0,,,,,0.0
CASH150790,2025-08-01,   6755,0,EPWAH25004,1,0,0,,1011,46.25,35.0,33.03,33.03,0.0,6.0,6.0,1.98,1.98,0.0,0.0,,03/27,,,,289,PR1,  289PR1,2526,2025-09-19,35.0,35.0,35.0,0.0,0.0,,0.0,,,0.0,,,,,0.0
CASH150790,2025-08-01,   6304,0,18340893,1,0,0,,1011,336.5,250.0,240.36,240.36,0.0,6.0,6.0,14.42,14.42,0.0,0.0,,11/27,,,,289,PR1,  289PR1,2526,2025-09-19,250.0,219.64,219.64,0.0,0.0,,0.0,,,0.0,,,,,0.0
CASH150790,2025-08-01,   6756,0,UB00287,1,0,0,,1011,33.9,26.0,24.21,24.21,0.0,6.0,6.0,1.45,1.45,0.0,0.0,,12/26,,,,289,PR1,  289PR1,2526,2025-09-19,26.0,26.0,26.0,0.0,0.0,,0.0,,,0.0,,,,,0.0
CASH163885,2025-08-14,   6736,0,5SA0473,1,0,0,,1011,187.19,133.71,133.71,133.71,0.0,6.0,6.0,8.02,8.02,0.0,0.0,,05/27,,,,217,PR1,  217PR1,2526,2025-08-14,133.71,133.71,133.71,0.0,0.0,,0.0,,,0.0,,,,,0.0
CASH163885,2025-08-14,   6275,0,MT250592,5,0,0,,1011,218.1,158.0,155.79,155.79,0.0,6.0,6.0,46.74,46.74,0.0,0.0,,01/27,,,,217,PR1,  217PR1,2526,2025-08-14,158.0,142.4,142.4,0.0,0.0,,0.0,,,0.0,,,,,0.0
C/C8405,2025-08-12,   6518,0,J0OUT-007,20,0,0,,1016,11.4,10.45,5.4,5.4,0.0,6.0,6.0,6.48,6.48,0.0,0.0,,12/26,,,,299,PR1,  299PR1,2526,2025-09-19,10.45,10.45,10.45,0.0,0.0,,0.0,,,0.0,,,,,0.0
CASH168811,2025-08-14,   6759,0,G25RDP003,1,0,0,,1011,344.8,245.0,239.14,239.14,0.0,6.0,6.0,14.35,14.35,0.0,0.0,,03/27,,,,300,PR1,  300PR1,2526,2025-09-19,245.0,245.0,245.0,0.0,0.0,,0.0,,,0.0,,,,,0.0
CASH168811,2025-08-14,   6760,0,722500080,1,0,0,,1011,155.0,132.0,106.56,106.56,0.0,6.0,6.0,6.39,6.39,0.0,0.0,,02/27,,,,300,PR1,  300PR1,2526,2025-09-19,132.0,132.0,132.0,0.0,0.0,,0.0,,,0.0,,,,,0.0
CASH168811,2025-08-14,   6761,0,TDMR-1792,1,0,0,,1011,257.5,190.0,183.93,183.93,0.0,6.0,6.0,11.04,11.04,0.0,0.0,,03/27,,,,300,PR1,  300PR1,2526,2025-09-19,190.0,190.0,190.0,0.0,0.0,,0.0,,,0.0,,,,,0.0
S/8841,2025-08-25,   6747,0,C24LN12A13,3,0,0,,1125,6625.0,1299.0,570.0,570.0,0.0,6.0,6.0,102.6,102.6,0.0,0.0,,11/26,,,,311,PR1,  311PR1,2526,2025-09-19,1299.0,1299.0,1299.0,0.0,0.0,,0.0,,,0.0,,,,,0.0
C/C11237,2025-09-22,   6716,0,125*040117,7,0,0,,1016,117.19,50.0,38.5,38.5,0.0,6.0,6.0,16.17,16.17,0.0,0.0,,04/28,,,,320,PR1,  320PR1,2526,2025-09-22,50.0,50.0,50.0,0.0,0.0,,0.0,,,0.0,,,,,0.0
C/C11237,2025-09-22,   6775,0,239*25N006,12,0,0,,1016,224.06,108.0,93.0,93.0,0.0,2.5,2.5,27.9,27.9,0.0,0.0,,12/29,,,,320,PR1,  320PR1,2526,2025-09-22,108.0,108.0,108.0,0.0,0.0,,0.0,,,0.0,,,,,0.0
C/C11237,2025-09-22,   6776,0,290*25N015,6,0,0,,1016,271.88,145.0,110.0,110.0,0.0,2.5,2.5,16.5,16.5,0.0,0.0,,01/30,,,,320,PR1,  320PR1,2526,2025-09-22,145.0,145.0,145.0,0.0,0.0,,0.0,,,0.0,,,,,0.0
C/C11237,2025-09-22,   6714,0,350*2,5,0,0,,1016,328.13,80.0,45.0,45.0,0.0,6.0,6.0,13.5,13.5,0.0,0.0,,06/28,,,,320,PR1,  320PR1,2526,2025-09-22,80.0,89.0,89.0,0.0,0.0,,0.0,,,0.0,,,,,0.0
C/C11237,2025-09-22,   6777,0,210*2,5,0,0,,1016,196.88,62.5,30.0,30.0,0.0,2.5,2.5,3.75,3.75,0.0,0.0,,06/28,,,,320,PR1,  320PR1,2526,2025-09-22,62.5,62.5,62.5,0.0,0.0,,0.0,,,0.0,,,,,0.0
C/C11237,2025-09-22,   6631,0,5*25022NK1,100,0,0,,1016,5.9,3.0,1.85,1.85,0.0,6.0,6.0,11.1,11.1,0.0,0.0,,05/30,,,,320,PR1,  320PR1,2526,2025-09-22,3.0,2.0,2.0,0.0,0.0,,0.0,,,0.0,,,,,0.0
CAPETERO,2025-09-29,   2701,0,AT25247A,2,0,0,,1081,1283.9,180.0,130.0,130.0,0.0,2.5,2.5,6.5,6.5,0.0,0.0,,04/28,,,,323,PR1,  323PR1,2526,2025-09-29,180.0,195.0,195.0,0.0,0.0,,0.0,,,0.0,,,,,0.0
