BILL_NO,BILL_DT,ACT_DT,DUE_DT,AC_NO,ACCOID,AMT_NET,DISCOUNT,AMT_RCD,AMT_BAL,GROS_AMT,SCM_DISC,DISC_PER,DISC_AMT,CASH_DISC,SURCHARGE,CHLN_NO,CHLN_DT,SPL_DISC,FREIGHT,VOU_NO,VOU_TYPE,VOU_SERIS,CRDB_AMT,VOU_DATE,TOT_OCT,TOT_ST,TOT_CST,TOT_EX,TOT_OCT2,CR_AMT,DR_AMT,TOT_SCM,TOT_DISC,ENT_NO,DEBIT,TR_DATE,CREDIT,ACC_NO,DOC_NO,FORM_31,CLER,SCM_ST,TOT_SUR,TOT_TOT,TOT_ST4,TOT_ST12,TOT_STO,ADD_ST,TOT_ST4I,ROUND,NARA,CNG_DATE,CNG_NO,VKEY_NOTYP
NBPL/16,2025-04-02,2025-04-03 10:53:05.000,2025-04-03,,1096,12576.0,,0.0,12576.0,11537.5,,0.0,0.0,,0.0,,,,0.0,5,PR1,2526,,2025-04-03,,,,0.0,,0.0,0.0,0.0,0.0,  1,         0,,,,,,,,,,,,,,,0.5,,2025-04-03,  1,    5PR1
CCB1108,2025-04-12,2025-04-12 13:40:16.998,2025-04-12,,1031,7674.0,,0.0,7674.0,6865.0,,0.0,0.0,,0.0,,,,0.0,12,PR1,2526,,2025-04-12,,,,0.0,,0.0,0.0,0.0,0.0,  1,         0,,,,,,,,,,,,,,,0.2,,2025-04-12,  1,   12PR1
NCC/3654,2025-04-12,2025-04-12 13:50:50.000,2025-04-12,,1003,6103.0,,0.0,6103.0,5571.4,,0.0,0.0,,0.0,,,,0.0,15,PR1,2526,,2025-04-12,,,,0.0,,0.0,0.0,0.0,122.14,  1,         0,,,,,,,,,,,,,,,-0.18,,2025-04-12,  1,   15PR1
CCB1197,2025-04-14,2025-04-14 13:47:38.000,2025-04-14,,1003,3470.0,,0.0,3470.0,3098.52,,0.0,0.0,,0.0,,,,0.0,21,PR1,2526,,2025-04-14,,,,0.0,,0.0,0.0,0.0,0.0,  1,         0,,,,,,,,,,,,,,,-0.34,,2025-04-14,  1,   21PR1
CCB1197,2025-04-14,2025-04-14 13:47:38.000,2025-04-14,,1031,2160.0,,0.0,2160.0,1928.52,,0.0,0.0,,0.0,,,,0.0,21,PR1,2526,,2025-04-14,,,,0.0,,0.0,0.0,0.0,0.0,  1,         0,,,,,,,,,,,,,,,0.06,,2025-04-14,  1,   21PR1
NCC/5118,2025-04-17,2025-04-17 08:53:12.998,2025-04-17,,1003,1792.0,,0.0,1792.0,1600.0,,0.0,0.0,,0.0,,,,0.0,28,PR1,2526,,2025-04-17,,,,0.0,,0.0,0.0,0.0,0.0,  1,         0,,,,,,,,,,,,,,,0.0,,2025-04-17,  1,   28PR1
CCB1108,2025-04-12,2025-04-12 13:40:16.998,2025-04-12,,1031,7674.0,,0.0,7674.0,6865.0,,0.0,0.0,,0.0,,,,0.0,12,PR1,2526,,2025-04-12,,,,0.0,,0.0,0.0,0.0,0.0,  1,         0,,,,,,,,,,,,,,,0.2,,2025-04-19,  1,   12PR1
CCB2161,2025-04-25,2025-04-25 12:24:37.998,2025-04-25,,1031,578.0,,0.0,578.0,550.0,,0.0,0.0,,0.0,,,,0.0,46,PR1,2526,,2025-04-25,,,,0.0,,0.0,0.0,0.0,0.0,  1,         0,,,,,,,,,,,,,,,0.5,,2025-04-25,  1,   46PR1
PED,2025-04-22,2025-04-22 17:29:20.000,2025-04-22,,1100,4133.0,,0.0,4133.0,3690.0,,0.0,0.0,,0.0,,,,0.0,42,PR1,2526,,2025-04-22,,,,0.0,,0.0,0.0,0.0,0.0,  1,         0,,,,,,,,,,,,,,,0.2,,2025-04-25,  1,   42PR1
NCC/8669,2025-04-29,2025-04-29 18:35:31.999,2025-04-29,,1003,2412.0,,0.0,2412.0,2180.0,,0.0,0.0,,0.0,,,,0.0,53,PR1,2526,,2025-04-29,,,,0.0,,0.0,0.0,0.0,0.0,  1,         0,,,,,,,,,,,,,,,-0.2,,2025-04-29,  1,   53PR1
CASH 10547,2025-05-02,2025-05-02 15:47:00.998,2025-05-02,,1018,3507.0,,0.0,3507.0,3131.42,,0.0,0.0,,0.0,,,,0.0,64,PR1,2526,,2025-05-02,,,,0.0,,0.0,0.0,0.0,0.0,  1,         0,,,,,,,,,,,,,,,-0.18,,2025-05-02,  1,   64PR1
CASH 10547,2025-05-02,2025-05-02 15:47:00.998,2025-05-02,,1018,3402.0,,0.0,3402.0,3131.42,,3.0,93.94,,0.0,,,,0.0,64,PR1,2526,,2025-05-02,,,,0.0,,0.0,0.0,0.0,0.0,  1,         0,,,,,,,,,,,,,,,0.04,,2025-05-02,  1,   64PR1
A/4937,2025-05-12,2025-05-12 11:24:26.999,2025-05-12,,1100,639.0,,0.0,639.0,603.0,,0.0,0.0,,0.0,,,,0.0,79,PR1,2526,,2025-05-12,,,,0.0,,0.0,0.0,0.0,0.0,  1,         0,,,,,,,,,,,,,,,-0.18,,2025-05-12,  1,   79PR1
1696,2025-05-23,2025-05-23 11:56:47.000,2025-05-23,,1008,861.0,,0.0,861.0,820.0,,0.0,0.0,,0.0,,,,0.0,98,PR1,2526,,2025-05-23,,,,0.0,,0.0,0.0,0.0,0.0,  1,         0,,,,,,,,,,,,,,,0.0,,2025-05-23,  1,   98PR1
C/C3202,2025-05-29,2025-05-29 12:23:34.000,2025-05-29,,1016,132.0,,0.0,132.0,117.5,,0.0,0.0,,0.0,,,,0.0,106,PR1,2526,,2025-05-29,,,,0.0,,0.0,0.0,0.0,0.0,  1,         0,,,,,,,,,,,,,,,0.4,,2025-05-29,  1,  106PR1
LCC,2025-05-28,2025-05-28 14:10:50.999,2025-05-28,,1003,952.0,,0.0,952.0,850.0,,0.0,0.0,,0.0,,,,0.0,105,PR1,2526,,2025-05-28,,,,0.0,,0.0,0.0,0.0,0.0,  1,         0,,,,,,,,,,,,,,,0.0,,2025-05-30,  1,  105PR1
CR/941,2025-06-06,2025-06-06 15:21:39.998,2025-06-06,,1026,554.0,,0.0,554.0,495.0,,0.0,0.0,,0.0,,,,0.0,119,PR1,2526,,2025-06-06,,,,0.0,,0.0,0.0,0.0,0.0,  1,         0,,,,,,,,,,,,,,,-0.4,,2025-06-06,  1,  119PR1
C/C713,2025-06-21,2025-06-21 18:29:50.999,2025-06-21,,1016,3203.0,,0.0,3203.0,2860.0,,0.0,0.0,,0.0,,,,0.0,155,PR1,2526,,2025-06-21,,,,0.0,,0.0,0.0,0.0,0.0,  1,         0,,,,,,,,,,,,,,,-0.2,,2025-06-21,  1,  155PR1
C/C713,2025-06-21,2025-06-21 18:29:50.999,2025-06-21,,1016,3086.0,,0.0,3086.0,2755.0,,0.0,0.0,,0.0,,,,0.0,155,PR1,2526,,2025-06-21,,,,0.0,,0.0,0.0,0.0,0.0,  1,         0,,,,,,,,,,,,,,,0.4,,2025-06-21,  1,  155PR1
CH/1207,2025-06-21,2025-06-21 19:11:14.998,2025-06-21,,157,3305.0,,0.0,3305.0,2955.0,,0.0,0.0,,0.0,,,,0.0,157,PR1,2526,,2025-06-21,,,,0.0,,0.0,0.0,0.0,4.2,  1,         0,,,,,,,,,,,,,,,0.1,,2025-06-21,  1,  157PR1
2526CCB3780,2025-07-03,2025-07-07 11:36:06.000,2025-07-07,,1078,4178.0,,0.0,4178.0,3790.28,,0.0,0.0,,0.0,,,,0.0,172,PR1,2526,,2025-07-07,,,,0.0,,0.0,0.0,0.0,0.0,  1,         0,,,,,,,,,,,,,,,-0.16,,2025-07-07,  1,  172PR1
C/C6659,2025-07-19,2025-07-22 15:10:58.000,2025-07-22,,1016,4351.0,,0.0,4351.0,3883.32,,0.0,0.0,,0.0,,,,0.0,195,PR1,2526,,2025-07-22,,,,0.0,,0.0,0.0,0.0,0.0,  1,         0,,,,,,,,,,,,,,,0.12,,2025-07-22,  1,  195PR1
CA/51437,2025-07-14,2025-07-23 18:47:35.998,2025-07-23,,1118,59624.0,,0.0,59624.0,53235.98,,0.0,0.0,,0.0,,,,0.0,198,PR1,2526,,2025-07-23,,,,0.0,,0.0,0.0,0.0,0.0,  1,         0,,,,,,,,,,,,,,,-0.3,,2025-07-23,  1,  198PR1
CA/51437,2025-07-14,2025-07-23 18:47:35.998,2025-07-23,,1118,59624.0,,0.0,59624.0,53235.98,,0.0,0.0,,0.0,,,,0.0,198,PR1,2526,,2025-07-23,,,,0.0,,0.0,0.0,0.0,0.0,  1,         0,,,,,,,,,,,,,,,-0.3,,2025-07-23,  1,  198PR1
CA/51437,2025-07-14,2025-07-23 18:47:35.998,2025-07-23,,1118,59624.0,,0.0,59624.0,53235.98,,0.0,0.0,,0.0,,,,0.0,198,PR1,2526,,2025-07-23,,,,0.0,,0.0,0.0,0.0,0.0,  1,         0,,,,,,,,,,,,,,,-0.3,,2025-07-24,  1,  198PR1
CA/51437,2025-07-14,2025-07-23 18:47:35.998,2025-07-23,,1118,59624.0,,0.0,59624.0,53235.98,,0.0,0.0,,0.0,,,,0.0,198,PR1,2526,,2025-07-23,,,,0.0,,0.0,0.0,0.0,0.0,  1,         0,,,,,,,,,,,,,,,-0.3,,2025-07-26,  1,  198PR1
CA/51437,2025-07-14,2025-07-23 18:47:35.998,2025-07-23,,1118,59624.0,,0.0,59624.0,53235.98,,0.0,0.0,,0.0,,,,0.0,198,PR1,2526,,2025-07-23,,,,0.0,,0.0,0.0,0.0,0.0,  1,         0,,,,,,,,,,,,,,,-0.3,,2025-07-26,  1,  198PR1
CASH 11927,2025-08-06,2025-08-06 11:27:17.999,2025-08-06,,1063,1820.0,,0.0,1820.0,1625.0,,0.0,0.0,,0.0,,,,0.0,209,PR1,2526,,2025-08-06,,,,0.0,,0.0,0.0,0.0,0.0,  1,         0,,,,,,,,,,,,,,,0.0,,2025-08-06,  1,  209PR1
CA/51437,2025-07-14,2025-07-23 18:47:35.998,2025-07-23,,1118,59624.0,,0.0,59624.0,53235.98,,0.0,0.0,,0.0,,,,0.0,198,PR1,2526,,2025-07-23,,,,0.0,,0.0,0.0,0.0,0.0,  1,         0,,,,,,,,,,,,,,,-0.3,,2025-08-06,  1,  198PR1
NBPL/16,2025-04-02,2025-04-03 10:53:05.000,2025-04-03,,1096,24784.0,,0.0,24784.0,22437.5,,0.0,0.0,,0.0,,,,0.0,5,PR1,2526,,2025-04-03,,,,0.0,,0.0,0.0,0.0,0.0,  1,         0,,,,,,,,,,,,,,,0.5,,2025-09-17,  1,    5PR1
NBPL/16,2025-04-02,2025-04-03 10:53:05.000,2025-04-03,,1096,24784.0,,0.0,24784.0,22437.5,,0.0,0.0,,0.0,,,,0.0,5,PR1,2526,,2025-04-03,,,,0.0,,0.0,0.0,0.0,0.0,  1,         0,,,,,,,,,,,,,,,0.5,,2025-09-17,  1,    5PR1
NBPL/16,2025-04-02,2025-04-03 10:53:05.000,2025-04-03,,1096,12576.0,,0.0,12576.0,11537.5,,0.0,0.0,,0.0,,,,0.0,5,PR1,2526,,2025-04-03,,,,0.0,,0.0,0.0,0.0,0.0,  1,         0,,,,,,,,,,,,,,,0.5,,2025-09-17,  1,    5PR1
ERLOCIPPENDING,2025-04-07,2025-04-07 18:34:37.998,2025-04-07,,1003,5264.0,,0.0,5264.0,4700.0,,0.0,0.0,,0.0,,,,0.0,8,PR1,2526,,2025-04-07,,,,0.0,,0.0,0.0,0.0,0.0,  1,         0,,,,,,,,,,,,,,,0.0,,2025-09-17,  1,    8PR1
CH/90,2025-04-07,2025-04-09 10:18:24.998,2025-04-09,,157,1008.0,,0.0,1008.0,900.0,,0.0,0.0,,0.0,,,,0.0,10,PR1,2526,,2025-04-09,,,,0.0,,0.0,0.0,0.0,0.0,  1,         0,,,,,,,,,,,,,,,0.0,,2025-09-17,  1,   10PR1
CH/90,2025-04-07,2025-04-09 10:18:24.998,2025-04-09,,157,1266.0,,0.0,1266.0,1130.0,,0.0,0.0,,0.0,,,,0.0,10,PR1,2526,,2025-04-09,,,,0.0,,0.0,0.0,0.0,0.0,  1,         0,,,,,,,,,,,,,,,0.4,,2025-09-17,  1,   10PR1
LMRCPENDINGITEMS,2025-04-03,2025-04-03 18:56:10.999,2025-04-03,,157,2573.0,,0.0,2573.0,2297.0,,0.0,0.0,,0.0,,,,0.0,6,PR1,2526,,2025-04-03,,,,0.0,,0.0,0.0,0.0,0.0,  1,         0,,,,,,,,,,,,,,,0.36,,2025-09-17,  1,    6PR1
CCB1108,2025-04-12,2025-04-12 13:40:16.998,2025-04-12,,1031,7674.0,,0.0,7674.0,6865.0,,0.0,0.0,,0.0,,,,0.0,12,PR1,2526,,2025-04-12,,,,0.0,,0.0,0.0,0.0,0.0,  1,         0,,,,,,,,,,,,,,,0.2,,2025-09-17,  1,   12PR1
CASH1745,2025-04-18,2025-04-18 16:20:59.998,2025-04-18,,1063,945.0,,0.0,945.0,843.9,,0.0,0.0,,0.0,,,,0.0,34,PR1,2526,,2025-04-18,,,,0.0,,0.0,0.0,0.0,0.0,  1,         0,,,,,,,,,,,,,,,-0.16,,2025-09-17,  1,   34PR1
NCC/6323,2025-04-21,2025-04-21 18:44:01.998,2025-04-21,,1003,4312.0,,0.0,4312.0,3850.0,,0.0,0.0,,0.0,,,,0.0,40,PR1,2526,,2025-04-21,,,,0.0,,0.0,0.0,0.0,0.0,  1,         0,,,,,,,,,,,,,,,0.0,,2025-09-17,  1,   40PR1
NCC/8669,2025-04-29,2025-04-29 18:35:31.999,2025-04-29,,1003,4092.0,,0.0,4092.0,3680.0,,0.0,0.0,,0.0,,,,0.0,53,PR1,2526,,2025-04-29,,,,0.0,,0.0,0.0,0.0,0.0,  1,         0,,,,,,,,,,,,,,,-0.2,,2025-09-17,  1,   53PR1
C/C1693,2025-04-30,2025-04-30 18:46:20.000,2025-04-30,,1016,736.0,,0.0,736.0,657.5,,0.0,0.0,,0.0,,,,0.0,58,PR1,2526,,2025-04-30,,,,0.0,,0.0,0.0,0.0,0.0,  1,         0,,,,,,,,,,,,,,,-0.4,,2025-09-17,  1,   58PR1
A/,2025-05-10,2025-05-10 10:48:39.000,2025-05-10,,1100,1344.0,,0.0,1344.0,1200.0,,0.0,0.0,,0.0,,,,0.0,77,PR1,2526,,2025-05-10,,,,0.0,,0.0,0.0,0.0,0.0,  1,         0,,,,,,,,,,,,,,,0.0,,2025-09-17,  1,   77PR1
NCC/KEMOCARB,2025-05-13,2025-05-13 10:32:50.000,2025-05-13,,1003,2016.0,,0.0,2016.0,1800.0,,0.0,0.0,,0.0,,,,0.0,81,PR1,2526,,2025-05-13,,,,0.0,,0.0,0.0,0.0,0.0,  1,         0,,,,,,,,,,,,,,,0.0,,2025-09-17,  1,   81PR1
CASH 13823,2025-05-13,2025-05-13 10:35:39.000,2025-05-13,,1018,1216.0,,0.0,1216.0,1085.68,,0.0,0.0,,0.0,,,,0.0,82,PR1,2526,,2025-05-13,,,,0.0,,0.0,0.0,0.0,0.0,  1,         0,,,,,,,,,,,,,,,0.04,,2025-09-17,  1,   82PR1
NCC,2025-05-16,2025-05-16 12:38:46.000,2025-05-16,,1003,2100.0,,0.0,2100.0,1962.0,,0.0,0.0,,0.0,,,,0.0,85,PR1,2526,,2025-05-16,,,,0.0,,0.0,0.0,0.0,21.6,  1,         0,,,,,,,,,,,,,,,-0.42,,2025-09-17,  1,   85PR1
OXA,2025-05-16,2025-05-16 12:41:01.000,2025-05-16,,1031,1638.0,,0.0,1638.0,1560.0,,0.0,0.0,,0.0,,,,0.0,86,PR1,2526,,2025-05-16,,,,0.0,,0.0,0.0,0.0,0.0,  1,         0,,,,,,,,,,,,,,,0.0,,2025-09-17,  1,   86PR1
NCC/VIVITRA,2025-05-17,2025-05-17 14:39:44.998,2025-05-17,,1003,8064.0,,0.0,8064.0,7200.0,,0.0,0.0,,0.0,,,,0.0,87,PR1,2526,,2025-05-17,,,,0.0,,0.0,0.0,0.0,0.0,  1,         0,,,,,,,,,,,,,,,0.0,,2025-09-17,  1,   87PR1
CASH 4040,2025-05-17,2025-05-17 15:04:24.000,2025-05-17,,1063,901.0,,0.0,901.0,804.4,,0.0,0.0,,0.0,,,,0.0,88,PR1,2526,,2025-05-17,,,,0.0,,0.0,0.0,0.0,0.0,  1,         0,,,,,,,,,,,,,,,0.08,,2025-09-17,  1,   88PR1
CH/704,2025-05-17,2025-05-17 15:08:00.000,2025-05-17,,157,269.0,,0.0,269.0,240.0,,0.0,0.0,,0.0,,,,0.0,89,PR1,2526,,2025-05-17,,,,0.0,,0.0,0.0,0.0,0.0,  1,         0,,,,,,,,,,,,,,,0.2,,2025-09-17,  1,   89PR1
CASH17160,2025-05-03,2025-05-19 12:58:42.000,2025-05-19,,1025,1726.0,,0.0,1726.0,1540.76,,0.0,0.0,,0.0,,,,0.0,90,PR1,2526,,2025-05-19,,,,0.0,,0.0,0.0,0.0,0.0,  1,         0,,,,,,,,,,,,,,,0.34,,2025-09-17,  1,   90PR1
E,2025-05-22,2025-05-22 13:41:02.999,2025-05-22,,157,274.0,,0.0,274.0,245.0,,0.0,0.0,,0.0,,,,0.0,96,PR1,2526,,2025-05-22,,,,0.0,,0.0,0.0,0.0,0.0,  1,         0,,,,,,,,,,,,,,,-0.4,,2025-09-17,  1,   96PR1
ES,2025-05-22,2025-05-22 14:47:23.000,2025-05-22,,157,395.0,,0.0,395.0,376.25,,0.0,0.0,,0.0,,,,0.0,97,PR1,2526,,2025-05-22,,,,0.0,,0.0,0.0,0.0,0.0,  1,         0,,,,,,,,,,,,,,,-0.07,,2025-09-17,  1,   97PR1
NCC/20,2025-06-09,2025-06-09 11:10:42.998,2025-06-09,,1003,4242.0,,0.0,4242.0,3840.0,,0.0,0.0,,0.0,,,,0.0,129,PR1,2526,,2025-06-09,,,,0.0,,0.0,0.0,0.0,0.0,  1,         0,,,,,,,,,,,,,,,0.0,,2025-09-17,  1,  129PR1
COLYMONAS,2025-06-11,2025-06-11 14:20:41.998,2025-06-11,,1003,1058.0,,0.0,1058.0,945.0,,0.0,0.0,,0.0,,,,0.0,135,PR1,2526,,2025-06-11,,,,0.0,,0.0,0.0,0.0,0.0,  1,         0,,,,,,,,,,,,,,,-0.4,,2025-09-17,  1,  135PR1
BCCX,2025-06-13,2025-06-13 16:41:54.999,2025-06-13,,1003,1365.0,,0.0,1365.0,1300.0,,0.0,0.0,,0.0,,,,0.0,136,PR1,2526,,2025-06-13,,,,0.0,,0.0,0.0,0.0,0.0,  1,         0,,,,,,,,,,,,,,,0.0,,2025-09-17,  1,  136PR1
C/C 4266,2025-06-14,2025-06-14 13:27:21.000,2025-06-14,,1016,2494.0,,0.0,2494.0,2308.52,,0.0,0.0,,0.0,,,,0.0,140,PR1,2526,,2025-06-14,,,,0.0,,0.0,0.0,0.0,0.0,  1,         0,,,,,,,,,,,,,,,-0.4,,2025-09-17,  1,  140PR1
C/C4266,2025-06-14,2025-06-14 13:27:21.000,2025-06-14,,1016,3043.0,,0.0,3043.0,2798.52,,0.0,0.0,,0.0,,,,0.0,140,PR1,2526,,2025-06-14,,,,0.0,,0.0,0.0,0.0,0.0,  1,         0,,,,,,,,,,,,,,,-0.2,,2025-09-17,  1,  140PR1
V,2025-06-17,2025-06-17 11:20:53.000,2025-06-17,,1078,1328.0,,0.0,1328.0,1185.8,,0.0,0.0,,0.0,,,,0.0,147,PR1,2526,,2025-06-17,,,,0.0,,0.0,0.0,0.0,0.0,  1,         0,,,,,,,,,,,,,,,-0.1,,2025-09-17,  1,  147PR1
NCC/26701,2025-06-27,2025-06-27 15:20:43.000,2025-06-27,,1003,1456.0,,0.0,1456.0,1300.0,,0.0,0.0,,0.0,,,,0.0,162,PR1,2526,,2025-06-27,,,,0.0,,0.0,0.0,0.0,0.0,  1,         0,,,,,,,,,,,,,,,0.0,,2025-09-18,  1,  162PR1
NCC/26701,2025-06-27,2025-06-27 15:20:43.000,2025-06-27,,1003,1613.0,,0.0,1613.0,1440.0,,0.0,0.0,,0.0,,,,0.0,162,PR1,2526,,2025-06-27,,,,0.0,,0.0,0.0,0.0,0.0,  1,         0,,,,,,,,,,,,,,,0.2,,2025-09-18,  1,  162PR1
DD,2025-07-14,2025-07-14 10:16:22.000,2025-07-14,,1064,392.0,,0.0,392.0,350.0,,0.0,0.0,,0.0,,,,0.0,182,PR1,2526,,2025-07-14,,,,0.0,,0.0,0.0,0.0,0.0,  1,         0,,,,,,,,,,,,,,,0.0,,2025-09-18,  1,  182PR1
CR/NEUKINE,2025-07-22,2025-07-22 12:40:50.999,2025-07-22,,1026,605.0,,0.0,605.0,540.0,,0.0,0.0,,0.0,,,,0.0,192,PR1,2526,,2025-07-22,,,,0.0,,0.0,0.0,0.0,0.0,  1,         0,,,,,,,,,,,,,,,0.2,,2025-09-18,  1,  192PR1
CM,2025-08-12,2025-08-12 13:18:12.000,2025-08-12,,1026,1208.0,,0.0,1208.0,1150.0,,0.0,0.0,,0.0,,,,0.0,213,PR1,2526,,2025-08-12,,,,0.0,,0.0,0.0,0.0,0.0,  1,         0,,,,,,,,,,,,,,,0.5,,2025-09-18,  1,  213PR1
GLUTAWEL,2025-08-20,2025-08-20 11:51:58.998,2025-08-20,,1003,3696.0,,0.0,3696.0,3300.0,,0.0,0.0,,0.0,,,,0.0,220,PR1,2526,,2025-08-20,,,,0.0,,0.0,0.0,0.0,0.0,  1,         0,,,,,,,,,,,,,,,0.0,,2025-09-18,  1,  220PR1
NACPSY,2025-05-20,2025-05-20 12:09:25.998,2025-05-20,,1003,571.0,,0.0,571.0,510.0,,0.0,0.0,,0.0,,,,0.0,93,PR1,2526,,2025-05-20,,,,0.0,,0.0,0.0,0.0,0.0,  1,         0,,,,,,,,,,,,,,,-0.2,,2025-09-18,  1,   93PR1
CA/15414,2025-06-19,2025-09-18 17:50:09.999,2025-09-18,,1064,584.0,,0.0,584.0,544.0,,3.0,16.32,,0.0,,,,0.0,264,PR1,2526,,2025-09-18,,,,0.0,,0.0,0.0,0.0,0.0,  1,         0,,,,,,,,,,,,,,,-0.24,,2025-09-18,  1,  264PR1
NEOMOL,2025-09-10,2025-09-10 13:20:43.000,2025-09-10,,1026,213.0,,0.0,213.0,190.0,,0.0,0.0,,0.0,,,,0.0,236,PR1,2526,,2025-09-10,,,,0.0,,0.0,0.0,0.0,0.0,  1,         0,,,,,,,,,,,,,,,0.2,,2025-09-18,  1,  236PR1
CASH150790,2025-08-01,2025-09-19 11:36:59.000,2025-09-19,,1011,333.0,,0.0,333.0,297.6,,0.0,0.0,,0.0,,,,0.0,289,PR1,2526,,2025-09-19,,,,0.0,,0.0,0.0,0.0,0.0,  1,         0,,,,,,,,,,,,,,,-0.3,,2025-09-19,  1,  289PR1
CASH163885,2025-08-14,2025-08-14 13:41:09.998,2025-08-14,,1011,1022.0,,0.0,1022.0,912.66,,0.0,0.0,,0.0,,,,0.0,217,PR1,2526,,2025-08-14,,,,0.0,,0.0,0.0,0.0,0.0,  1,         0,,,,,,,,,,,,,,,-0.18,,2025-09-19,  1,  217PR1
C/C8405,2025-08-12,2025-09-19 12:02:44.998,2025-09-19,,1016,121.0,,0.0,121.0,108.0,,0.0,0.0,,0.0,,,,0.0,299,PR1,2526,,2025-09-19,,,,0.0,,0.0,0.0,0.0,0.0,  1,         0,,,,,,,,,,,,,,,0.04,,2025-09-19,  1,  299PR1
CASH168811,2025-08-14,2025-09-19 12:06:55.000,2025-09-19,,1011,593.0,,0.0,593.0,529.63,,0.0,0.0,,0.0,,,,0.0,300,PR1,2526,,2025-09-19,,,,0.0,,0.0,0.0,0.0,0.0,  1,         0,,,,,,,,,,,,,,,-0.19,,2025-09-19,  1,  300PR1
S/8841,2025-08-25,2025-09-19 12:40:55.998,2025-09-19,,1125,1915.0,,0.0,1915.0,1710.0,,0.0,0.0,,0.0,,,,0.0,311,PR1,2526,,2025-09-19,,,,0.0,,0.0,0.0,0.0,0.0,  1,         0,,,,,,,,,,,,,,,-0.2,,2025-09-19,  1,  311PR1
C/C11237,2025-09-22,2025-09-22 15:41:32.000,2025-09-22,,1016,2783.0,,0.0,2783.0,2605.5,,0.0,0.0,,0.0,,,,0.0,320,PR1,2526,,2025-09-22,,,,0.0,,0.0,0.0,0.0,0.0,  1,         0,,,,,,,,,,,,,,,-0.34,,2025-09-22,  1,  320PR1
CAPETERO,2025-09-29,2025-09-29 16:42:44.998,2025-09-29,,1081,273.0,,0.0,273.0,260.0,,0.0,0.0,,0.0,,,,0.0,323,PR1,2526,,2025-09-29,,,,0.0,,0.0,0.0,0.0,0.0,  1,         0,,,,,,,,,,,,,,,0.0,,2025-09-29,  1,  323PR1
