CATAGORY,DOC_TYPE,DESCRIPT,OPENPDF,PATH,TAGS,SRNO,TYPE,FORM
1,TRANSACTIONS,ALL THE OPTIONS RELATED TO TRANSACTION HAS BEEN PROVIDED BELOW,                   1,,,0,H,
2,SALES BILL  ENTRY,IT RPOVIDES FOLLOWING OPTIONS:,                   2,Transaction >,,0,H,
3,SALES BILL  ENTRY,THIS OPTION IS SAME AS SALE ENTRY(F2). IN CASE YOUR MOUSE IS NOT WORKING  USE THIS OPTION,                   3,Transaction > Sales Bill Entry,,0,H,
3,COUNTER SALE,THIS OPTION IS SAME AS RETAILERS COUNTER SALE IN THIS OPTION YOU CAN BILL ON MRP AND RATE,                   4,Transaction > Sales Bill Entry,,0,H,
3,TYPE CHANGE,THIS OPTION IS USED WHEN YOU WANT TO CHANGE TYPE OF BILL AND DATE OF THE BILL,                   5,Transaction > Sales Bill Entry,,0,H,
3,SALES ACCOUNT ONLY,THIS OPTION IS USED WHEN YOU DONT WANT TO ENTER PRODUCT AND DO BILL FOR ONLY ACCOUNTING PURPOSE,                   6,Transaction > Sales Bill Entry,,0,H,
2,CHALLAN,OPTIONS RELATED TO CHALLAN HAS BEEN PROVIDED BELOW,                   7,Transaction >,,0,H,
3,CREATE CHALLAN,IN THIS OPTION YOU CAN CREATE CHALLAN,                   8,Transaction > Challan >,,0,H,
3,CREATE SALE BILL FROM CHLN,USING THIS OPTION YOU CAN CREATE SALE BILL FROM CHALLAN,                   9,Transaction > Challan >,,0,H,
2,STOCK TRANSFER GODOWN TO SHOP,THIS OPTION IS USED TO TRANSFER GODOWN STOCK TO SHOP,                  10,Transaction >,,0,H,
2,PURCHASE ENTRY,THIS OPTION SHOWS PURCHASE ENTERY OPTIONS,                  11,Transaction >,,0,H,
3,REGULAR,THIS OPTION IS USED TO ENTER PURCHASE BILL,                  12,Transaction > Purchase Entry >,,0,H,
3,ACCOUNTS,THIS OPTION IS USED TO CREATE PURCHASE BILL WITHOUT PRODUCT JUST FOR ACCOUNTING PURPOSE,                  13,Transaction > Purchase Entry >,,0,H,
2,SCHEME ENTRY,IN THIS OPTION YOU CAN GIVE UPTO THREE TYPE OF SCHEMES TO PRODUCT,                  14,Transaction >,,0,H,schemeall
2,CREDIT NOTE,"HERE YOU CAN ENTER PRODUCT RETURN FORM CUSTOMER I.E, CERDIT NOTE",                  15,Transaction >,Sales Return customer goods,0,H,
3,CREDIT NOTE( STOCK),THIS OPTION IS USED WHEN YOU WANT TO ADD RETURN PRODUCT INTO STOCK,                  16,Transaction > Credit Note(Stoc,,0,H,
3,CREDIT NOTE (EXPIRY),THIS OPTION IS USED WHEN RETURNED PRODUCTS ARE EXPIRED,                  17,Transaction > Credit Note(Expi,,0,H,
3,CREDIT NOTE (AMOUNT),THIS OPTIN IS USED WHEN YOU DONT WANT TO TAKE PRODUCT RETURN ONLY AMOUNT IS DEDUCTED,                  18,Transaction > Credit Note(Amou,,0,H,
3,CREDIT NOTE (DPCO),,                  19,Transaction > Credit Note(DPCO,,0,H,
2,DEBIT NOTE,HERE YOU CAN ENTER PRODUCT WHICH YOU WNAT TO RETURN TO CREDITOR,                  20,Transaction >,,0,H,
3,INVENTORY,DEBIT NOTE WITH PRODUCT,                  21,Transaction > Debit Note,,0,H,
3,AMOUNT,DEBIT NOTE OF AMOUNT WITHOUT PRODUCT,                  22,Transaction > Debit Note,,0,H,
2,CASH ENTRY,THIS OPTION IS  USED FOR CASH TRANSACTION ENTRIES,                  23,Transaction >,,0,H,
3,CASH RECEIPT ENTRY (F5),HERE YOU CAN DO ENTERY OF CASH RECEIVED,cashrcptentry,Transaction > Cash Entry >,,0,H,
3,CASH PAID ENTRY (F6),HERE YOU CAN DO ENTERY OF CASH YOU WNAT TO PAY,cashpaidentry,Transaction > Cash Entry >,,0,H,
3,FAST CASH RECEIPT,HERE YOU CAN ENTER CASH RECEIVED FROM SALESMAN AS PER BILL NO,                  26,Transaction > Cash Entry >,,0,H,
3,CASH BILLS MARKING,,                  27,Transaction > Cash Entry >,,0,H,
2,CHEQUE ENTRY,THIS OPTION IS USED FOR CHEQUE TRANSACTION,                  28,Transaction >,,0,H,
3,CHEQUE RECEIPT ENTRY,HERE YOU CAN ENTER CHEQUE RECEIVED,                  29,Transaction > Cheque Entry >,,0,H,
3,CHEQUE PAID ENTRY,HERE YOU CAN DO CHEQUE PAID ENTERY,                  30,Transaction > Cheque Entry >,,0,H,
3,SLIP BOOK,,                  31,Transaction > Cheque Entry >,,0,H,
3,BANK RECONCILLATION,,                  32,Transaction > Cheque Entry >,,0,H,
4,RECEIPT,,                  33,Transaction > Cheque Entry > Bank Reconcillation >,,0,H,
4,PAYMENT,,                  34,Transaction > Cheque Entry > Bank Reconcillation >,,0,H,
3,CHEQUE RETURN ENTRY,,                  35,Transaction > Cheque Entry >,,0,H,
2,ADJUST DEBIT/CREDIT,THIS OPTION IS USED TO ADJUST CREATED DEBIT/CERDIT NOTE IN BILLS,                  36,Transaction >,,0,H,
2,JV ENTRY,IF YOU WANT ADJUST TWO ACCOUNT CREDIT FROM ONE ACCOUNT AND DEBIT THAT AMOUNT IN OTHER ACCOUNT,                  37,Transaction >,,0,H,
2,BATCH TO BATCH TRANSFER,,                  38,Transaction >,,0,H,
2,CORRECTION RATE,"USE THIS OPTION IF YOU WANT CHANGE DETAILS OF PRODUCT LIKE BATCH,EXPIRY,RATE......ETC",                  39,Transaction >,,0,H,
2,COMPANYWISE BREAKAGE/EXPIRY,USING THIS OPTION YOU CAN GET COMPANYWISE LIST OF BREAKAGE/EXPIRED PRODUCT,                  40,Transaction >,,0,H,
1,STATEMENTS,,                  41,Statements,,0,H,
1,MASTERS,IF YOU WANT TO CREATE SOMETING NEW USE THIS OPTION,                  42,Masters,,0,H,
2,ACCOUNTS,"USE THIS OPTION FOR CREATING NEW ACCOUNTS LIKE DETORS,CREDITORS,BANK",                  43,Masters >,,0,H,
3,DEBTORS(F11),HERE YOU CAN CREATE ACCOUNT OF SALEING PARTY,                  44,Masters > Accounts >,,0,H,
3,CREDITORS,HERE YOU CAN CREATE ACCOUNT OF PURCHASE PARTY,                  45,Masters > Accounts >,,0,H,
3,ALL ACCOUNTS,HERE YOU CAN CREATE ACCOUNT OF YOUR EXPENSES,                  46,Masters > Accounts >,,0,H,
3,BANK,HERE YOU CAN CREATE BANK ACCOUNT,                  47,Masters > Accounts >,,0,H,
2,GROUPS,,                  48,Masters >,,0,H,
2,PRODUCT,HERE YOU CAN CREATE NEW/CHANGE PRODUCT WITH ALL THE DETAILS,                  49,Masters >,,0,H,FRMPRODUCT
2,DRUG,HEREYOU CAN CREATE NEW/CHANGE DRUG,                  50,Masters >,,0,H,
2,COMPANY,HEREYOU CAN CREATE NEW/CHANGE COMPANY,                  51,Masters >,,0,H,
2,MANUFACTURER,HEREYOU CAN CREATE NEW/CHANGE MANUFACTURER,                  52,Masters >,,0,H,
2,DOCTOR,HEREYOU CAN CREATE NEW/CHANGE DOCTOR,                  53,Masters >,,0,H,
2,SALESMAN,HEREYOU CAN CREATE NEW/CHANGE SALESMAN,                  54,Masters >,,0,H,
2,ALLCODE,"HERE YOU CAN CREATE NEW/CHANGE AREA ,CUSTOMER BANK, BRANCH,DOCTOR, SALESMAN",                  55,Masters >,,0,H,
2,TRANSPORTER,HERE YOU CAN CREATE NEW/CHANGE TRANSPORTORS,                  56,Masters >,,0,H,
2,OPERATORS,HERE YOU CAN CREATE NEW/CHANGE OPERATORS AND ASSIGN THEM AUTHORITIES,                  57,Masters >,,0,H,
2,CATEGORY,HERE YOU CAN CREATE NEW/CHANGE PRODUCT CATEGORY,                  58,Masters >,,0,H,
2,LOCKING ALL DEBTORS,"USING THIS OPTION YOU CAN LOCK DEBTOR PARTY AFTER MENTIONED CC BILLS,DAYS,STATEMENTS...ETC.",                  59,Masters >,,0,H,
2,CREDIT NOTE HOLDING,USING THIS OPTION YOU CAN HOLD CREDIT NOTE PARTYWISE AND FOR SOME PERIOD ALSO,                  60,Masters >,,0,H,
3,HOLD CREDIT NOTES FOR GIVEN PA,,                  61,Masters > Creadit Note Holding >,,0,H,
3,HOLD CREDIT NOTES FOR GIVEN PE,,                  62,Masters > Creadit Note Holding >,,0,H,
2,PARTY/COMPANY (CREDITOR),HERE YOU CAN MENTION NUMBER OF COMPANIES OF ONE CREDITOR,                  63,Masters >,,0,H,
2,PARTY/COMPANY/DISC (DEBTOR),HERE YOU CAN MENTION  DISCOUNT PERCENT FOR COMPANY,                  64,Masters >,,0,H,
2,PARTY/DOCTOR/PRODUCT RELATION,IN THIS OPTION YOU CAN SET PRODUCT LIST FOR DOCTOR TAKEN FROM PERTICULAR CREDITOR,                  65,Masters >,,0,H,
2,PARTY/PRODUCT DISCOUNT,,                  66,Masters >,,0,H,
0,STRUCTURE,,                  67,Masters >,,0,H,
2,SALESMAN PARTY,USING THIS OPTION YOU CAN ASSIGN/CHANGE DEBTOR PARTIES TO PARTICULAR SALESMAN,                  68,Masters >,,0,H,
2,MERGE ACCOUNT,IF U HAVE CREATED DIFFERENT ACCOUNTS OF ONE PARTY THEN USING THIS OPTION YOU CAN MERGE THAT INTO ONE,                  69,Masters >,,0,H,
1,REPORTS,HERE YOU CAN GET SUMMARY  OF ALL DATA,                  70,Reports,,0,H,
2,LIST,THIS OPTION GIVE U LIST OF FOLLOWING OPTIONS,                  71,Reports >,,0,H,
3,COMPANY LIST,THIS OPTION GIVE YOU LIST OF ALL COMPANIES WITH ITS SHORT NAME,                  72,Reports > List  >,,0,H,
3,PRODUCT LIST,THIS OPTION SHOW PRODUCT LIST,                  73,Reports > List  >,,0,H,
4,PRODUCT LIST(ALL),"HERE YOU CAN GET LIST OF ALL PRODUCT AND SCH """"""""H1"""""""" PRODUCT",                  74,Reports > List  > Product List >,,0,H,
4,COMPANY-WISE PRODUCT LIST,THIS OPTION GIVES YOU COMPANY WISE PRODUCT LIST,                  75,Reports > List  > Product List >,,0,H,
4,MSCDA/CARE CODE LIST,USING THIS OPTION YOU CAN CHANGE/DELETE PRODUCT CODES(MSCDA/CARE),                  76,Reports > List  > Product List >,,0,H,
4,NEWLY ADDED,THIS OPTION SHOWS YOU NEWLY ADDED PRODUCT LIST,                  77,Reports > List  > Product List >,,0,H,
3,PARTY LIST,THIS OPTION GIVES YOU LIST OF PARTIES(CREDITORS/DEBTORS),                  78,Reports > List  >,,0,H,
4,CREDITORS(OPENING BALANCE),THIS OPTION GIVES YOU LIST OF CREDITOR PARTIES WITH OPENING BALANCE,                  79,Reports > List  > Party List >,,0,H,
4,DEBTORS LIST,THIS OPTION GIVES YOU LIST OF DEBTORS,                  80,Reports > List > Party List >,,0,H,
4,DEBTORS LIST(AREA WISE),"THIS OPTION GIVES YOU LIST OF DEBTORS AREAWISE,PTS PARTIES,SALESMANWISE...ETC.",                  81,Reports > List > Party List >,,0,H,
4,DEBTORS (OPENING BALANCE),THIS OPTION GIVES YOU LIST OF CREDITOR PARTIES WITH OPENING BALANCE,                  82,Reports > List > Party List >,,0,H,
4,DEBTORS LIST(AREA WISE LABEL),THIS OPTION GIVES YOU LABLE OF DEBTOR PATY NAME AND ADRESS WHICH YOU CAN PRINT,                  83,Reports > List > Party List >,,0,H,
4,OTHER ACCOUNTS LIST,"THIS OPTION GIVES YOU LIST OF OTHER ACCOUNTS LIKE CASH IN HAND,JV ENTERY....ETC",                  84,Reports > List > Party List >,,0,H,
3,DAILY SALES,THIS OPTION GIVES YOU LIST OF DAILY TRANSACTION,                  85,Reports > List  >,,0,H,
3,C.N RATIO WITH SALE,\\,                  86,Reports > List  >,,0,H,
3,CN PENDING AREAWISE,THIS OPTION GIVES YOU PENDING CREDIT NOTE AREAWISE,                  87,Reports > List  >,,0,H,
3,CREDIT NOTE LIST,"THIS OPTION GIVES YOU LISTOF CREDIT NOTE VOUCHER WISE,PRODUCT WISE AND ADJUSTED",                  88,Reports > List  >,,0,H,
3,DEBIT NOTE LIST,"THIS OPTION GIVES YOU LISTOF DEBIT NOTE VOUCHER WISE,PRODUCT WISE, PENDING,ALL",                  89,Reports > List  >,,0,H,
3,COMPANY/PRODUCTWISE CN LIST SU,CN CREATED OF ALL THE PRODUCTS THAT BELONG TO SPECIFIED COMPANY CAN BE VIEWED HERE,                  90,Reports > List  >,,0,H,
3,CREDIT NOTE PRODUCTWISE(ALL),USING THIS OPTION YOU CAN GET LIST OF CREDIT/DEBIT NOTE AS PER THEIR PARTY NAME,                  91,Reports > List  >,,0,H,
3,CREDIT NOTE PRODUCTWISE(PARTIC,USING THIS OPTION YOU CAN CHECK CREDIT NOTE OF PARTICULAR PRODUCT,                  92,Reports > List  >,,0,H,
3,LIST OF CREDIT NOTE(CATEGORYWI,"USING THIS OPTION YOU CAN CHECK CREDIT NOTE FOR BREAKAGE,EXPIRY,OTHER AND ALL",                  93,Reports > List  >,,0,H,
3,LIST OF BREAKAGE EXPIRY DEBIT,HERE YOU CAN GET LIST OF ALL AND PENDING EXPIRY/BREAKAGE DEBIT NOTE PARTYWISE,                  94,Reports > List  >,,0,H,
3,EXPIRY BREAKAGE TRANSPORT REG,\\,                  95,Reports > List  >,,0,H,
3,PRICE LIST,THIS REPORT DISPLAYS MRP AND RATE OF ALL THE PRODUCTS OR OF CURRENT STOCK,                  96,Reports > List  >,,0,H,
4,ALL,"THIS IS LIST OF COMPANYWISE PRODUCT LIST WITH ITS MRP, RATE AND SCHEMES",                  97,Reports > List  > Price List >,,0,H,
4,STOCK,"THIS IS LIST OF ALL PRODUCT WITH ITS MRP,RATE",                  98,Reports > List  > Price List >,,0,H,
3,DAILY CASH REPORTS,"THIS REPORT SHOWS YOU AT THE START OF DAY WHAT IS OPENING BALANCE ,TOTAL DAY CASH TRANSACTION AND IT",                  99,Reports > List  >,,0,H,
3,STOCK OUT ENTRY REPORT,IF BCOZ OF CERTAIN REASON YOU DID STOCK OUT THEN THIS REPORT WILL GIEVS YOU LIST OF ALL STOUCKED OUT,                 100,Reports > List  >,,0,H,
3,VOUCHER LIST,"THIS REPORT SHOWS YOU LIST OF ALL VHOUCHER NO WITH ITS TYPE LIKE CASH RECEIPT,CHEQUE RECEIPT, DEBIT",                 101,Reports > List  >,,0,H,
3,PARTYWISE ALL VOUCHERS,"USING THIS OPTION YOU CAN GET PARTYWISE VHOUCHER NO OF CASH RECEIPT,CHEQUE RECEIPT,CAHH PAID,CHEQUE",                 102,Reports > List  >,,0,H,
3,PENDING ORDER LIST(PRODUCTWISE,\\,                 103,Reports > List  >,,0,H,
3,LOCKED STATEMENT/CC PARTYS,THIS OPTION SHOWS YOU PENDING STATEMENTS /CC WITH AMOUNT BALANCE &  ALLOWED STATEMENTS/CC,                 104,Reports > List  >,,0,H,
2,SALES,ALL THE REPORTS RELATED TO SALE DONE ARE PROVIDED BELOW:,                 105,Reports >,,0,H,
3,COMPANY-PRODUCTWISE,HERE YOU CAN VIEW LIST OF ALL PRODUCTS SOLD OF PARTICULAR COMPANY,                 106,Reports > Sales >,,0,H,
3,COMPANY-PARTYWISE,IT PROVIDES FOLLOWING TWO OPTIONS:,                 107,Reports > Sales >,,0,H,
4,DETAIL,TO VIEW SALE OF PARTICULAR COMPANY ALONGWITH PARTY AND PRODUCT DETAILS,                 108,Reports > Sales > Company-Partywise >,,0,H,
4,SUMMARY,TO VIEW SALE OF PARTICULAR COMPANY ALONGWITH PARTY AND PRODUCT AMOUNT DETAILS,                 109,Reports > Sales > Company-Partywise >,,0,H,
3,COMPANYWISE SALE,HERE YOU CAN VIEW THE ANNUAL SALE OF COMPANY MONTHWISE.,                 110,Reports > Sales >,,0,H,
3,COMPANY-AREA WISE SUMMARY,THIS REPORT DISPLAYS ALL THE AREAS IN WHICH COMPANY PRODUCTS HAS BEEN SOLD ALONGWITH AMOUNT,                 111,Reports > Sales >,,0,H,
3,COMPANY-AREA WISE DETAIL,TO VIEW SALE OF MULTIPLE COMPANIES FOR SPECIFIC PERIOD,                 112,Reports > Sales >,,0,H,
3,COMAPANY-AREA-PARTY-ANALYSIS,TO VIEW THE SALE OF MULITPLE COMPANIES IN ANY AREA USE THIS REPORT.,                 113,Reports > Sales >,,0,H,
3,COMPANY ALL AREA ALL PRODUCT,HERE YOU GET A LIST OF ALL THE PRODUCTS SOLD IN VARIOUS AREAS UPTIL SPECIFIED DATE,                 114,Reports > Sales >,,0,H,
3,COMPANY BILL WISE TOTAL,TO CHECK THE SALE OF COMPANY ALONGWITH SALE BILLS,                 115,Reports > Sales >,,0,H,
3,COMPANY PRODUCTWISE WITH PUR D,TO CHECK THE SALE OF COMPANY ALONGWITH SALE AND PURCHASE BILLS,                 116,Reports > Sales >,,0,H,
3,PRODUCT-PARTY WISE,TO VIEW SALE OF ALL PRODUCT OR PARTICULAR PRODUCTS PARTYWISE FOLLOWING TWO REPORTS ARE PROVIDED:,                 117,Reports > Sales >,,0,H,
4,PRODUCTWISE,TO VIEW SALE OF PARTICULAR PRODUCT EITHER BY SALE RATE OR PURCH RATE OR M.R.P REFER THIS REPORT,                 118,Reports > Sales >  Product-Partywise >,,0,H,
4,ALL PRODUCTS,TO VIEW ALL THE PRODUCTS SOLD IN SPECIFIED PERIOD ALONGWITH SALE BILLS,                 119,Reports > Sales >  Product-Partywise >,,0,H,
3,PRODUCT-BATCH WISE,TO VIEW SALE OF ALL PRODUCT OR PARTICULAR PRODUCTS BATCHWISE FOLLOWING TWO REPORTS ARE PROVIDED:,                 120,Reports > Sales >,,0,H,
4,ALL PRODUCTS,TO VIEW ALL THE PRODUCTS SOLD IN SPECIFIED PERIOD ALONGWITH SALE BILLS AND BATCH NO,                 121,Reports > Sales >  Product-Batchwise >,,0,H,
4,PARTICULAR PRODUCTS,HERE YOU CAN CHECK SALE OF PARTICULAR PRODUCT BATCHWISE ALONGWITH SALEBILL,                 122,Reports > Sales >  Product-Batchwise >,,0,H,
3,PARTY PRODUCTWISE(SINGLE PRODU,TO CHECK HOW MANY TIMES A PARTICULAR PRODUCT HAS BEEN SOLD TO PARTICULAR PARTY REFER THIS REPORT,                 123,Reports > Sales >,,0,H,
3,PARTY MULTI  COMPANY SALES,TO CHECK PRODUCTS OF VARIOUS COMPANIES SOLD TO PARTICULAR PARTY,                 124,Reports > Sales >,,0,H,
3,PARTY-PRODUCT WISE,TO VIEW ALL THE PRODUCTS SOLD TO PARTICULAR PARTY IN SPECIFIED PERIOD ALONGWITH BILL DETAILS,                 125,Reports > Sales >,,0,H,
3,PARTYWISE SALE,HERE YOU CAN VIEW TOTAL AMOUNT OF SALE DONE TO A SPECIFIC PARTY FOR SPECIFIED PERIOD,                 126,Reports > Sales >,,0,H,
3,PARTYWISE ALL PRODUCT,TO VIEW ALL THE PRODUCTS SOLD TO PARTICULAR PARTY IN SPECIFIED PERIOD ALONGWITH SCHEME AND QUANTITY,                 127,Reports > Sales >,,0,H,
3,PARTYWISE SALE(ALL),HERE YOU CAN VIEW TOTAL AMOUNT OF SALE DONE IN SPECIFIED PERIOD,                 128,Reports > Sales >,,0,H,
3,PARTYWISE STATEMENT ANALYSIS,TO VIEW TOTAL SALE OF ALL THE PARTIES WHOSE STATEMENTS HAS BEEN GENERATED,                 129,Reports > Sales >,,0,H,
3,STOCK & SALE,\\,                 130,Reports > Sales >,,0,H,
3,STOCK & SALE (PTS SEPARATE),\\,                 131,Reports > Sales >,,0,H,
3,STOCK & SALE (SCHEME SEPARATE),\\,                 132,Reports > Sales >,,0,H,
3,SALESMAN\AREAWISE\DELIVERY,"SALE DONE FOR SPECIFIED PERIOD EITHER SALESMANWISE,AREAWISE OR DELIVERY FOR ALL TYPES OF TRANSACTION",                 133,Reports > Sales >,,0,H,
3,SALESMANWISE\PRODUCTWISE,TOTAL AMOUNT OF SALES DONE BY ALL THE SALESMAN ALONGWITH PRODUCT DETAILS,                 134,Reports > Sales >,ALL SALESMAN SALE,0,H,
3,DOCTORWISE SALES,IT PROVIDES FOLLOWING REPORTS:,                 135,Reports > Sales >,,0,H,
4,DOCTOR VOU WISE,IN ORDER TO CHECK THE PERCENTAGE & AMOUNT OF INCENTIVE GAINED BY DOCTOR REFER THIS REPORT,                 136,Reports > Sales >  Doctorwise -Sales >,,0,H,
4,DOCTOR PRODUCT WISE SALE,IN ORDER TO CHECK THE INCENTIVE AMOUNT GAINED BY DOCTOR ALONGWITH PRODUCT DETAILS,                 137,Reports > Sales >  Doctorwise -Sales >,,0,H,
4,DOCTOR PRODUCT WISE (MASTER),\\,                 138,Reports > Sales >  Doctorwise -Sales >,,0,H,
3,FREE REPLACE GIVEN,ANY ITEM THAT HAS BEEN SOLD AS FREE OR HAS BEEN GIVEN REPLACEMENT SUCH PRODUCTS CAN BE VIEWED HERE,                 139,Reports > Sales >,,0,H,
3,FREIGHT REGISTER,\\ERROR,                 140,Reports > Sales >,,0,H,
3,SALESMANWISE COMPANYWISE INCEN,\\,                 141,Reports > Sales >,,0,H,
3,MANAGERWISE SALES,\\,                 142,Reports > Sales >,,0,H,
2,PURCHASE,ALL REPORTS RELATED TO PURCHASE ARE GIVEN BELOW,                 143,Reports >,,0,H,
3,COMPANY-WISE PURCHASE,TO VIEW ALL THE PRODUCTS PURCHASED FROM COMPANY,                 144,Reports > Purchase >,,0,H,
3,PRODUCT-WISE PURCHASE,TO VIEW ALL THE PURCHASE BILLS OF  PARTICULAR PRODUCT,                 145,Reports > Purchase >,,0,H,
3,BATCHWISE PURCHASE,TO SEARCH PURCHASE BILLS OF PARTICULAR PRODUCT FOR DIFFERENT BATCH,                 146,Reports > Purchase >,,0,H,
3,PURCHASE ITEM REGISTER,IT PROVIDES FOLLOWING TWO OPTIONS:,                 147,Reports > Purchase >,,0,H,
4,DAYWISE,TO VIEW ALL THE TOTAL AMOUNT OF PURCHASE BILLS FOR SPECIFIC DATE,                 148,Reports > Purchase > Purchase-Item Register >,,0,H,
4,FROM TO DATES,TO VIEW ALL THE TOTAL AMOUNT OF PURCHASE BILLS FOR SPECIFIC PERIOD,                 149,Reports > Purchase > Purchase-Item Register >,,0,H,
3,DUE PURCHASE BILLS,TO CHECK AMOUNT AND DUE DATE OF PENDING PURCHASE BILLS,                 150,Reports > Purchase >,PENDING PURCHASE BILLS,0,H,
3,PARTY/PRODUCTWISE PURCHASE,ALL THE PRODUCTS PURCHASED FROM PARTICULAR PARTY CAN BE VIEWED AT A GLANCE,                 151,Reports > Purchase >,,0,H,
3,PARTYWISE PUCHASE,TO VIEW ALL THE BILLS PURCHASED FROM PARTICULAR PARTY,                 152,Reports > Purchase >,,0,H,
3,PARTYWISE ALL PRODUCTS,TO CHECK ALL THE PRODUCTS PURCHASED FROM PARTICULAR PARTY FOR GIVEN PERIOD,                 153,Reports > Purchase >,,0,H,
3,YEARLY PURCHASE SUMMARY,HERE YOU CAN VIEW TOTAL AMOUNT OF PURCHASE DONE IN EVERY MONTH,                 154,Reports > Purchase >,,0,H,
3,COMPANY-CREDITORWISE PURCHASE,IT GIVES A LIST OF ALL THE PURCHASE BILLS ALONWITH ITS CORRESPONDING COMPANY & PARTYNAME,                 155,Reports > Purchase >,,0,H,
3,ALL PARTYWISE PURCHASE SUMMARY,\\error,                 156,Reports > Purchase >,,0,H,
3,PENDING PO'S,IF ANY PURCHASED ORDER HAS BEEN PLACED BUT YET PURCHASE BILL HAS NOT BEEN FEED TO SOFTWARE SUCH ORDE,                 157,Reports > Purchase >,PENDING PURCHASE ORDER,0,H,
2,STOCK,ALL THE DATA RELATED TO STOCK CAN BE CHECKED FROM HERE:,                 158,Reports >,,0,H,
3,NEAR EXPIRY PRODUCTS,TO VIEW EXPIRED PRODUCTS UPTIL SPECIFIED MONTH AND YEAR,                 159,Reports >  stock >,,0,H,
3,NEAR EXPIRY PRODUCTS COMPANYWI,TO VIEW EXPIRED PRODUTCS  OF COMPANY/COMPANIES FOR SPECIFIED MONTH AND YEAR,                 160,Reports >  stock >,COMPANY EXPIRY REPORT,0,H,
3,CURRENT STOCK(VALUE),HERE YOU CAN VIEW THE VALUE OF CURRENTLY AVAILABLE STOCK OF COMPANY EITHER BY NET RATE OR TRADE RAT,                 161,Reports >  stock >,STOCK VALUE,0,H,
3,CURRENT STOCK(BATCHWISE),IT PROVIDES THE FOLLOWING REPORTS,                 162,Reports >  stock >,,0,H,
4,ALL,HERE YOU CAN CHECK THE STOCK OF ALL THE PRODUCTS BATCHWISE,                 163,Reports >  stock > Current Stock(Batchasewise) >,,0,H,
4,COMPANY WISE,TO CHECK THE STOCK OF ALL THE PRODUCTS OF PARTICULAR COMPANY BATCHWISE REFER THIS REPORT,                 164,Reports >  stock > Current Stock(Batchasewise) >,,0,H,
4,STOCK CORRECTION,TO CORRECT THE MISMATCHED STOCK REFER THIS REPORT,                 165,Reports >  stock > Current Stock(Batchasewise) >,,0,H,
3,CURRENT STOCK(CATAGORYWISE),IN ORDER TO VIEW PRODUCTS OF PARTICULAR CATEGORY,                 166,Reports >  stock >,,0,H,
4,ALL,HERE YOU CAN CHECK ALL THE AVAILABLE PRODUCTS THAT BELONGS TO PARTICULAR CATEGORY,                 167,Reports >  stock > Current Stock(Categorywise) >,,0,H,
4,BATCHWISE,HERE YOU CAN VIEW CURRENT STOCK OF ALL PRODUCTS EITHER SHELFWISE OR CATEGORYWISE,                 168,Reports >  stock > Current Stock(Categorywise) >,SHELFWISE STOCK CATEGORYWISE STOCK,0,H,
3,STOCK VALUE(GIVEN DATE),TO CHECK THE VALUE OF CURRENTLY AVAILABLE STOCK ON SPECIFIED DATE,                 169,Reports >  stock >,,0,H,
3,HOLD STOCK,HERE YOU CAN CHECK ALL THE STOCK THAT HAS BEEN HOLD FOR SPECIFIED PERIOD ALONG WITH ITS HOLD DATE,                 170,Reports >  stock >,,0,H,
3,COMPANYWISE BREAKAGE/EXPIRY RE,PRODUCTS THAT HAS BEEN RETURNED TO COMPANY DUE TO BREAKAGE/EXPIRY ARE LISTED IN THIS REPORT,                 171,Reports >  stock >,EXPIRY REPORT,0,H,
3,PRODUCT LEDGER,"TO VIEW THE PURCHASE,SALE , OPENING STOCK AS WELL AS CLOSING STOCK EITHER REGULAR OR EXPIRY WISE",                 172,Reports >  stock >,,0,H,
3,PRODUCT LEDGER BATCHWISE,STOCK OF PARTICULAR PRODUCT FEEDED BY PURCHASE/OPENING & SALE CAN BE VIEWED FOR VARIOUS BATCH,                 173,Reports >  stock >,,0,H,
3,OPENING STOCK VALUE,TO CHECK OPENING STOCK VALUE CALCULATED WITH TRADE RATE,                 174,Reports >  stock >,,0,H,
3,OPENING STOCK BATCHWISE,ALL THE PRODUCTS FEEDED THROUGH OPENING STOCK ALONGWITH ITS BATCH NO.,                 175,Reports >  stock >,,0,H,
3,NON-MOVING ITEMS,HERE YOU CAN VIEW THE ITEMS WHICH HAS NOT BEEN SOLD SINCE SPECIFIED DAYS EITHER BATCHWISE OR PRODUCT,                 176,Reports >  stock >,UNSOLD,0,H,
3,ITEMS BELOW MIN LEVEL,\\error,                 177,Reports >  stock >,,0,H,
3,STOCK SUMMARY,TO CHECK THE CURRENT STOCK DETAILS EITHER PRODUCTWISE OR COMPANYWISE,                 178,Reports >  stock >,,0,H,
3,GODOWN TRANSACTIONS,TO CHECK THE STOCK BROUGHT FROM GODOWN OR TRANSFERRED TO GODOWN REFER THIS REPORT,                 179,Reports >  stock >,,0,H,
3,STOCK STATMENT(BANK),IT DISPLAYS,                 180,Reports >  stock >,,0,H,
2,ACCOUNTS,ALL REPORTS RELATED TO ACCOUNTING HAS BEEN PROVIDED BELOW,                 181,Reports >,,0,H,
3,SALES REGISTER,ALL THE SALES TRANSACTIONS CAN BE VIEWED HERE FOR ALL TRANSACTION TYPE,                 182,Reports > Accounts >,,0,H,
3,PURCHASE REGISTER,IT PROVIDES FOLLOWING REPORT:,                 183,Reports > Accounts >,,0,H,
4,REGULAR,HERE YOU CAN CHECK BALANCE AMOUNT OF ALL THE CREDITORS/SUPPLIERS,                 184,Reports > Accounts > Purchase Register >,,0,H,
4,VAT REGISTER,\\NOT DISPLAYING,                 185,Reports > Accounts > Purchase Register >,,0,H,
3,CASH BOOK,NO. AND AMOUNT OF SALE DONE THROUGH CASH AS WELL AS PAYMENT RECEIVED BY CASH CAN BE CHECKED HERE,                 186,Reports > Accounts >,,0,H,
3,BANK BOOK,AMOUNT DEPOSITED OR WITHDRAWED FROM THE BANK AS WELL AS ADVANCE CHEQUE GIVEN CAN BE VIEWED HERE,                 187,Reports > Accounts >,,0,H,
3,DAILY CASH CLOSING,HERE YOU CAN CHECK CLOSING BALANCE OF EACH DAY FOR GIVEN PERIOD,                 188,Reports > Accounts >,,0,H,
3,GENERAL LEDGER,\\,                 189,Reports > Accounts >,,0,H,
3,CREDITOR'S LEDGER,ALL THE TRANSACTIONS DONE WITH THE PARTICULAR CREDITOR(PURCHASE PARTY) CAN BE VIEWED HERE,                 190,Reports > Accounts >,,0,H,
3,DEBTOR'S LEDGER,IN ORDER TO CHECK THE AMOUNT PAID AND BALANCE OF PARTICULAR DEBTOR BILLWISE,                 191,Reports > Accounts >,,0,H,
3,SUNDRY GENERAL,\\,                 192,Reports > Accounts >,,0,H,
3,SUNDRY CREDITORS,PREVIOUS FINANCIAL YEAR'S DEBIT/CREDIT AMT. & CURRENT FINANCIAL YEAR'S DEBIT/CREDIT AMT. OF ALL CRED,                 193,Reports > Accounts >,,0,H,
3,SUNDRY DEBTORS,PREVIOUS FINANCIAL YEAR'S DEBIT/CREDIT AMT. & CURRENT FINANCIAL YEAR'S DEBIT/CREDIT AMT. OF ALL DEBT,                 194,Reports > Accounts >,,0,H,
3,TRIAL BALANCE,\\,                 195,Reports > Accounts >,,0,H,
3,PROFIT & LOSS ACCOUNT,\\,                 196,Reports > Accounts >,,0,H,
3,BALANCE SHEET,\\,                 197,Reports > Accounts >,,0,H,
3,GROUP LIST,IT GIVES A LIST OF MAIN ACCOUNT HEAD & GROUPS CREATED UNDER IT,                 198,Reports > Accounts >,,0,H,
2,SCHEME,ALL THE REPORTS RELATED TO SCHEME GIVEN ARE PROVIDED BELOW:,                 199,Reports >,,0,H,
3,COMPANYWISE ITEM DISCOUNT/SCHE,ALL THE SALE BILLS IN WHICH ITEM DISCOUNT OR SCHEME DISCOUNT HAS BEEN GIVEN CAN BE VIEWED HERE,                 200,Reports > Scheme >,,0,H,
3,COMPANY-PARTY WISE SCHEME,SCHEME GIVEN IN ALL THE BILLS TO THE PARTY CAN BE VIEWED HERE,                 201,Reports > Scheme >,,0,H,
3,COMPANY/PRODUCTWISE SCHEME SUM,SCHEME GIVEN TO ALL THE PRODUCTS OF APRTICULAR COMPANY CAN BE CHECKED HERE,                 202,Reports > Scheme >,,0,H,
2,GST,ALL THE REPORTS RELATED TO GOODS SERVICE TAX ARE PROVIDED BELOW:,                 203,Reports >,,0,H,
3,GST PURCHASE,AMOUNT OF APPLIED GST IN ALL PURCHASE BILLS CAN BE VIEWED HERE.,                 204,Reports > Gst >,,0,H,
3,GST SALE,AMOUNT OF APPLIED GST APPLIED IN SALE BILLS CAN BE VIEWED HERE,                 205,Reports > Gst >,,0,H,
3,GST CREDIT NOTE,AMOUNT OF APPLIED GST APPLIED IN SALE BILLS CAN BE VIEWED HERE,                 206,Reports > Gst >,,0,H,
3,SUMMARY,TOTAL TAXABLE AMOUNT & GST TO BE COLLECTED OF BOTH SALES & PURCHASE DATA CAN BE VIEWED AT A GLANCE,                 207,Reports > Gst >,,0,H,
3,GSTR1,ALL THE REPORTS THAT COMES UNDER GSTR1 REPORT HAS BEEN DESCRIBED BELOW:,                 208,Reports > Gst >,,0,H,
3,B2B SALES,TO VIEW THE TAXABLE VALUE & INVOICE VALUE OF PARTIES WHOSE GSTNO HAS BEEN REGISTERED OR UNREGISTERED,                 209,Reports > Gst >,,0,H,
3,B2CS SALES,IN ORDER TO VIEW THE TAXABLE VALUE OF ALL THE PARTIES WHOSE GSTNO HAS NOT BEEN REGISTERED,                 210,Reports > Gst >,,0,H,
3,CREDIT NOTE(CDNR/CDNUR),TO CHECK THE TAXABLE VALUE & REFUNDED AMOUNT OF C.N. OF ALL THE REGISTERED OR UNREGISTERED PARTY,                 211,Reports > Gst >,,0,H,
3,HSN CODE SALES,IT DISPLAYS THE APPLIED GST AMT. & ITS TAXABLE VALUE OF EACH HSNCODE EITHER WITH/WITHOUTPRODUCT NAME,,Reports > Gst >,,0,H,
3,DOCUMENTS,IT DISPLAYS TOTAL NO. OF BILLS DONE & CANCELLED FOR EACH SALE TRANSACTION TYPE AS WELL AS OF C.N.,                 213,Reports > Gst >,,0,H,
3,GSTR2,ALL THE REPORTS THAT COMES UNDER GSTR2 REPORT HAS BEEN DESCRIBED BELOW:,                 214,Reports > Gst >,,0,H,
3,B2B PURCHASE,SIMILAR TO B2B SALES THIS REPORT PROVIDES TAXABLE VALUE OF ALL THE PURCHASE BILLS ALONGWITH APPLIED,                 215,Reports > Gst >,,0,H,
3,HSN CODE PURCHASE,TO VIEW TOTAL AMOUNT OF APPLIED GST IN ALL PURACHSE BILLS ACCORDING TO HSNCODE REFER THIS REPORT,                 216,Reports > Gst >,,0,H,
2,COLLECTION REPORTS,ALL REPORTS RELATED TO AMOUNT COLLECTION ARE PROVIDED IN FOLLOWING REPORTS,                 233,Reports >,,0,H,
3,CC BILLS+STATMENT,IT PROVIDES FOLLOWING REPORTS:,                 234,Reports > Collection >,,0,H,
4,ALL,:ALL THE STATEMENTS & CASH CREDIT BILLS OF ALL THE PARTIES ALONGWITH AMOUNT & PENDING DAYS CAN BE VI,                 235,Reports > Collection >CC Bills+Statement >,,0,H,
4,AREAWISE,ALL THE STATEMENTS & CASH CREDIT BILLS OF ALL THE PARTIES THAT BELONGS TO SPECIFIED AREA PENDING DAY,                 236,Reports > Collection >CC Bills+Statement >,,0,H,
3,OUTSTANDING CC BILLS,IT PROVIDES FOLLOWING REPORTS:,                 237,Reports > Collection >,,0,H,
4,ALL,CASH CREDIT BILLS OF ALL THE PARTIES ALONGWITH BALANCE AMOUNT CAN BE VIEWED HERE EITHER FOR PTS SALE,                 238,Reports > Collection > Outstanding CC Bills >,,0,H,
4,AREAWISE,HERE YOU GET OUTSTANDING OF ALL THE CASH CREDIT PARTIES EITHER FOR ALL THE AREA OR FOR SELECTED AREA,                 239,Reports > Collection > Outstanding CC Bills >,,0,H,
3,OUTSTANDING STATMENT,IT PROVIDES FOLLOWING REPORTS:,                 240,Reports > Collection >,,0,H,
4,ALL,OUTSTANDING STATEMENT OF ALL PARTIES CAN BE VIEWED AREAWISE OR BY DISCOUNT FOR ALL TYPES OF STATEMEN,                 241,Reports > Collection >  Outstanding Statement >,,0,H,
4,AREAWISE,OUTSTANDING STATEMENTS OF ALL THE PARTIES CAN BE VIEWED HERE EITHER FOR ALL AREAS OR SELECTED AREA/O,                 242,Reports > Collection >  Outstanding Statement >,,0,H,
3,SALESMANWISE PENDING,COLLECTION PENDING BY SALESMAN ALONGWITH BILL DETAILS AND PENDING DAYS CAN BE VIEWED HERE,                 243,Reports > Collection >,,0,H,
3,SALESMANWISE COLLECTED,COLLECTION DONE BY SALESMAN EITHER BY CASH OR CHEQUE OR BOTH CAN BE CHECKED VOU DATE WISE OR CHEQUE,                 244,Reports > Collection >,,0,H,
3,PARTYWISE OUTSTANDING,\\,                 245,Reports > Collection >,,0,H,
3,SELECTED PARTYS COLLECTION,TO VIEW COLLECTION REPORT OF ALL/SELECTED PARTYS FOR SPECIFIED PERIOD,                 246,Reports > Collection >,,0,H,
3,PREVIOUS YEAR COLLECTION,IT PROVIDES FOLLOWING REPORT RELATED TO COLLECTION PENDING SINCE PREYIOUS YEAR,                 247,Reports > Collection >,,0,H,
4,CC BILLS,PREVIOUS FINANCIAL YEARS PENDING CASH CREDIT BILLS OF ALL THE PARTIES ALONGWITH AMOUNT & PENDING DAY,                 248,Reports > Collection > Privious Year Collectiom >,,0,H,
4,STATMENTS,PREVIOUS FINANCIAL YEARS OUTSTANDING STATEMENTS OF ALL THE PARTIES ALONGWITH AMOUNT & PENDING DAYS C,                 249,Reports > Collection > Privious Year Collectiom >,,0,H,
4,OPENING BALANCE,\\,                 250,Reports > Collection > Privious Year Collectiom >,,0,H,
3,COUNTER SALE PENDING,PENDING AMOUNT OF ALL THE PARTIES WHOSE BILLING HAS BEEN DONE FROM COUNTER CAN BE CHECKED HERE EITHE,                 251,Reports > Collection >,,0,H,
3,AGEING ANALYSIS,AMT. TO BE PAID ACCORDING TO DUE PERIOD FOR ALL THE PARTIES CAN BE CHCEKED HERE,                 252,Reports > Collection >,,0,H,
3,PENDING OPENING BAL.,HERE YOU CAN VIEW ALL THE PARTIES WHOSE OPENING BALANCE HAS NOT BEEN CLEARED YET,                 253,Reports > Collection >,,0,H,
3,COMPANYWISE OUTSTANDING CC,\\,                 254,Reports > Collection >,,0,H,
3,PARTY DUE BILLS,ALL THE PARTIES WHOSE DUE DATE HAS BEEN OVER UPTO SPECIFIED DATE AND YET AMOUNT HAS NOT BEEN RECEIVE,                 255,Reports > Collection >,PENDING BILL REPORT,0,H,
2,M.I.S REPORT,,                 256,Reports >,,0,H,
3,DAILY BUSINESS SUMMARY,\\,                 257,Reports > M.I.S Reports >,,0,H,
3,CHANGED VOUCHERS,IT PROVIDES FOLLOWING OPTIONS ;,                 258,Reports > M.I.S Reports >,,0,H,
4,CHANGED SALES BILL,TO CHECK CHANGED SALES BILLS,                 259,Reports > M.I.S Reports > Changed Vouchers >,,0,H,
4,SALE BILL-TYPE CHANGE,IF THE TRANSACTION TYPE OR DATE HAS BEEN CHANGED OF SALE BILL IT CAN BE IDENTIFIED FROM THIS REPORT,                 260,Reports > M.I.S Reports > Changed Vouchers >,,0,H,
4,CHANGED PURCHASE BILL,ALL THE PURCHASE BILLS THAT HAVE BEEN CHANGED CAN BE VIEWED HERE,                 261,Reports > M.I.S Reports > Changed Vouchers >,,0,H,
4,CHANGED CASH RECEIPTS,IN CASE A CASH RECEIPT ENTRY HAS BEEN MADE AND CHANGED SUCH ENTRIES CAN BE TRACKED THROUGH THIS REPO,                 262,Reports > M.I.S Reports > Changed Vouchers >,,0,H,
4,CHANGED CASH PAID,ALL THE CASH PAID ENTRIES THAT HAS BEEN CHANGED CAN BE CHECKED ALONGWITH DETAILS OF CHANGED DATE & B,                 263,Reports > M.I.S Reports > Changed Vouchers >,,0,H,
4,CHANGED CHEQUE RECEIPTS,CHEQUE RECEIPTS THAT HAS BEEN CHANGED CAN BE VIEWED HERE,                 264,Reports > M.I.S Reports > Changed Vouchers >,,0,H,
4,CHANGED CHEQUE PAID,ALL THE CHQ. PAID ENTRIES THAT HAS BEEN CHANGED CAN BE CHECKED ALONGWITH DETAILS OF CHANGED DATE & B,                 265,Reports > M.I.S Reports > Changed Vouchers >,,0,H,
4,CHANGED CREDIT NOTE,IN CASE A CRDIT NOTE ENTRY HAS BEEN MADE AND CHANGED SUCH ENTRIES CAN BE TRACKED THROUGH THIS REPO,                 266,Reports > M.I.S Reports > Changed Vouchers >,,0,H,
3,DELETED  VOUCHERS,IT PROVIDES FOLLOWING OPTIONS ;,                 267,Reports > M.I.S Reports >,,0,H,
4,DELETED SALES BILLS,REFER THIS REPORT TO CHECK DELETED SALES BILLS,                 268,Reports > M.I.S Reports > Deleted Vouchers >,,0,H,
4,DELETED PURCHASE BILLS,REFER THIS REPORT TO CHECK DELETED PURCHASE BILLS,                 269,Reports > M.I.S Reports > Deleted Vouchers >,,0,H,
4,DELETED CASH/CHQ. VOUCHERS,REFER THIS REPORT TO CHECK DELETED CASH/CHEQUE VOUCHER,                 270,Reports > M.I.S Reports > Deleted Vouchers >,,0,H,
3,PROFIT REPORT,IN ORDER TO CHECK THE GAINED PROFIT REFER FOLLOWING REPORTS:,                 271,Reports > M.I.S Reports >,,0,H,
4,DAILY PROFIT,PROFIT GAINED ON EACH DAY WITHIN SPECIFIED PERIOD CAN BE VIEWED HERE,                 272,Reports > M.I.S Reports > Profit Report >,,0,H,
4,PARTYWISE PROFIT,TOTAL AMOUNT OF PROFIT GAINED WITHIN SPECIFIED PERIOD BY ALL THE PARTIES,                 273,Reports > M.I.S Reports > Profit Report >,,0,H,
4,SALESMANWISE PROFIT,TOTAL PROFIT OBTAINED BY EACH SALESMAN CAN BE CHECKED HERE,                 274,Reports > M.I.S Reports > Profit Report >,,0,H,
4,AREAWISE PROFIT,IT DISPLAYS PROFIT OBTAINED BY SALE DONE IN EACH AREA FOR SPECIFIED PERIOD,                 275,Reports > M.I.S Reports > Profit Report >,,0,H,
4,DOCTORWISE PROFIT,\\NOT DISPLAYING,                 276,Reports > M.I.S Reports > Profit Report >,,0,H,
4,COMPANYWISE PROFIT,HERE YOU CAN CHECK TOTAL SALE & PROFIT GAINED OF EACH COMPANY FOR SPECIFIED PERIOD,                 277,Reports > M.I.S Reports > Profit Report >,,0,H,
3,DISCOUNT REPORT,ALL TYPES OF DISCOUNT GIVEN IN SALE FOR EACH DATE CAN BE VIEWED HERE,                 278,Reports > M.I.S Reports >,,0,H,
3,PRODUCTWISE CHANGED SALE BILLS,TO SEE ALL BILLS THAT HAS BEEN CHANGED FOR PARTICUL;AR PRODUCT,                 279,Reports > M.I.S Reports >,,0,H,
3,DATEWISE CHANGED PRODUCTS(SALE,IF SALE BILL IS CHANGED OR  ANY PRODUCT HAS BEEN DELETED FROM BILL IT CAN BE IDENTIFIED FROM HERE,                 280,Reports > M.I.S Reports >,,0,H,
3,DATEWISE DELETED PRODUCTS(SALE,ALL DELETED SALE BILLS ALONGWITH PRODUCT DETAILS CAN BE VIEWED HERE,                 281,Reports > M.I.S Reports >,,0,H,
3,INTEREST CALCULATION,IT PROVIDES TH FOLLOWING REPORT:,                 282,Reports > M.I.S Reports >,,0,H,
4,DEBTOR/BANK,\\,                 283,Reports > M.I.S Reports > Interest Calculation >,,0,H,
3,SALESMAN PERFORMANCE,IN ORDER TO VIEW ALOTTED & ACHIEVED TARGET OF ALL SALESMAN & TO EVALUATE THEIR PERFORMANCE,                 284,Reports > M.I.S Reports >,,0,H,
3,OLD PURCHASE CLEARING,HERE YOU CAN CLEAR THE PREVIOUS YR. FINANCIAL BALANCE AMT. OF CREDITOR PARTIES WITHOUT MAKING RECEIP,                 285,Reports > M.I.S Reports >,,0,H,
3,OLD SALE BILL CLEARING,HERE YOU CAN CLEAR THE PREVIOUS YR. FINANCIAL BALANCE AMT. OF DEBTOR PARTIES WITHOUT MAKING RECEIPT,                 286,Reports > M.I.S Reports >,,0,H,
3,STOCK IN REPORT,IT PROVIDES LIST OF STOCK FEEDED THROUGH OPENING STOCK OR BROUGHT FROM GODOWN,                 287,Reports > M.I.S Reports >,,0,H,
3,STOCK OUT REPORT,ALL THE STOCK OUT ENTRIES MADE OR STOCK TRANSFERRED TO GODOWN CAN BE VIEWED HERE,                 288,Reports > M.I.S Reports >,,0,H,
3,PRODUCTWISE IN/OUT,IN ORDER TO CHECK THE STOCK IN AS WELL AS STOCK OUT ENTRY OF PARTICULAR PRODUCT REFER THIS REPORT,                 289,Reports > M.I.S Reports >,,0,H,
3,PARTYWISE DISCOUNTS,ALL TYPES OF DISCOUNT GIVEN TO PARTICULAR PARTY WITHIN SPECIFIED PERIOD CAN BE VIEWED HERE,                 290,Reports > M.I.S Reports >,,0,H,
3,PARTIES NOT DEALT WITH,HERE YOU GET A LIST OF ALL THE PARTIES WITH WHOM YOU HAVE NOT DEALT WITH FOR MORE THAN SPECIFIED DAY,                 291,Reports > M.I.S Reports >,,0,H,
3,ACCOUNTS HAVING DIFF IN OP.DEB,HERE YOU CAN FIND ALL THE PARTIES WHOSE CURRENT YEAR DEBIT & OLD SALE DEBIT IS DIFFERENT,                 292,Reports > M.I.S Reports >,,0,H,
3,NOTES REPORT,\\,                 293,Reports > M.I.S Reports >,,0,H,
3,EXTRA SCHEME GIVEN,\\,                 294,Reports > M.I.S Reports >,,0,H,
3,EXCESS STOCK CALCULATION,\\,                 295,Reports > M.I.S Reports >,,0,H,
3,*A D F H P W->DETAILS,\\,                 296,Reports > M.I.S Reports >,,0,H,
3,PARTY-COMPANYWISE CN RATIO,\\,                 297,Reports > M.I.S Reports >,,0,H,
3,OPERATORWISE TRANSACTIONS,ALL/SPECIFIC TRANSACTION DONE BY ALL/PARTICULAR OPERATOR WITHIN SPECIFIED PERIOD CAN BE CHECKED HERE,                 298,Reports > M.I.S Reports >,,0,H,
3,SALES SUMMERY," TOTAL AMT. OF SALE DONE IN CASH,CREDIT AND CASH/CREDIT ALONGWITH PURCHASE DONE OF EVERY MONTH",                 299,Reports > M.I.S Reports >,,0,H,
3,DATEWISE SALE LIST,"TO CHECK AMOUNT OF CASH,CREDIT AND CASH\CREDIT SALE DONE FOR EACH DATE OF SPECIFIED DURATION",                 300,Reports > M.I.S Reports >,,0,H,
3,PRODUCT SOLD BELOW PURCHASE RA,HERE YOU GET A LIST OF ALL THE PRODUCTS THAT HAS BEEN SOLD LESS THAN PURCHASE RATE EITHER FOR ALL CO,                 301,Reports > M.I.S Reports >,,0,H,
1,OTHERS,,                 302,Others,,0,H,
2,DELIVERY NOTE,HERE YOU CAN GENERATE DELIVERY NOTE BY FOLLOWING OPTION:,                 303,Others >,,0,H,
3,BILLS SELECTION,TO GENERATE DELIVERY NOTE OF ALL OR SELECTED BILLS USE THIS MENU,                 304,Others > Delivery Note >,,0,H,
3,SALESMAN WISE,,                 305,Others > Delivery Note >,,0,H,
3,AREA WISE,,                 306,Others > Delivery Note >,,0,H,
2,QUOTATION,,                 307,Others >,,0,H,
2,PURCHASE ORDER(MULTI-COMP),,                 308,Others >,,0,H,
2,PURCHASE ORDER(MULTI-CAT),,                 309,Others >,,0,H,
2,COMPANY WISE SHORTAGE,,                 310,Others >,,0,H,
2,MANUAL PURCHASE ORDER,,                 311,Others >,,0,H,
2,SHORT LIST FROM TO,,                 312,Others >,,0,H,
2,REPRINT,,                 313,Others >,,0,H,
3,CLAIM BILL,,                 314,Others >  Reprint >,,0,H,
3,SINGLE PARTY STATEMENT,,                 315,Others >  Reprint >,,0,H,
3,STATEMENT FROM TO,,                 316,Others >  Reprint >,,0,H,
3,BARCODE LABEL,,                 317,Others >  Reprint >,,0,H,
2,DELIVERY CONFIRMATION,,                 318,Others >,,0,H,
2,DELIVERY MARKING,,                 319,Others >,,0,H,
2,QUICK DATA ENTRY,IT PROVIDES FOLLOWING OPTION FOR QUICK UPDATION OD DATA:,                 320,Others >,,0,H,
3,ACCOUNT MASTER,"FOR QUICK UPDATION OF CREDITOR\PRODUCT DETAILS SUCH AS MOB NO,VATTIN NO.,DL NO",                 321,Others > Quick Data Entry >,,0,H,
3,PRODUCT MASTER,"FOR QUICK UPDATION OF PRODUCT DETAILS SUCH AS GST,SHELF NO.,MAX/MIN LEVEL",                 322,Others > Quick Data Entry >,,0,H,
2,SIMILAR PRODUCTS,IT GIVES A LIST OF ALL THE PRODUCTS THAT CAN BE USED AS AN ALTERNATIVE TO PARTICULAR PRODUCT,                 323,Others >,,0,H,
2,NOTES ENTRY,IN ORDER TO MAKE AN ENTRY OF NUMBER OF NOTES(RS.) RECEIVED/PAID WHILE PAYING OR RECEIVING AMOUNT,                 324,Others >,,0,H,
2,ADVANCE CHEQUES GIVEN,ALL THE ADVANCE CHEQUES GIVEN CAN BE VIEWED HERE,                 325,Others >,,0,H,
2,ORDER LIST,,                 326,Others >,,0,H,
2,GROUP PRODUCT PROMOTION,,                 327,Others >,,0,H,
2,LETER TEMPLATES,,                 328,Others >,,0,H,
2,LETTER VIEW/PRINT,,                 329,Others >,,0,H,
2,IMPORT STOCK,,                 330,Others >,,0,H,
1,WINDOW,OPTIONS RELATED TO ARRANGING SOFTWARE WINDOW HAS BEEN PROVIDED BELOW,                 331,Window,,0,H,
2,CASCADE,"IF MULITPLE WINDOWS ARE OPEN,IN ORDER TO ARRANGE THEM IN DESCENDING ORDER",                 332,Window >,,0,H,
2,ARRANGE ALL,\\,                 333,Window >,,0,H,
2,SHOW ALL,,                 334,Window >,,0,H,
2,CYCLE,TO SWITCH BETWEEN BACKSIDE & FRONTSIDE WINDOW,                 335,Window >,,0,H,
2,COMMAND WINDOW,\\ERROR,                 336,Window >,,0,H,
1,UTILITIES,USE ALT+I FOR SHORTCUT TO UTILITIES,                 337,Utilities,,0,H,
2,BACKUP DATA,TO TAKE BACKUP,                 338,Utilities >,,0,H,
2,CHANGE PASSWORD,TO CHANGE LOGIN PASSWORD,                 339,Utilities >,,0,H,
2,CHANGE SUPERPASSWORD,"BY DEFAULT IT IS SET AS ""CARE123"".YOU CAN CHANGE THE SUPERPASSWORD USING THIS OPTION",                 340,Utilities >,,0,H,
2,SETTINGS,THIS OPTION ALLOWS YOU TO DO ALL SOFTWARE RELATED SETTINGS,                 341,Utilities >,,0,H,
2,PRINTER SETTINGS,SETTINGS RELATED TO PRINTER SUCH AS PRINTER PATH AND PRINTER TYPE CAN BE DONE HE,                 342,Utilities >,,0,H,
2,BACKUP PATH SETTINGS,BACKUP CAN BE SET TO DIFFERENT LOCATION THROUGH THIS OPTION,                 343,Utilities >,,0,H,
2,CALCULATOR,DISPLAYS CALCULATOR ON THE SOFTWARE,                 344,Utilities >,,0,H,
2,Oth,IT INCLUDES FOLLOWING SUB-OPTIONS :-,                 345,Utilities >,,0,H,
3,FILES TALLY,TO CONVERT DATA INTO TALLY FORMAT,                 346,Utilities > Oth >,,0,H,
3,FILES TALLY GST,,                 347,Utilities > Oth >,,0,H,
2,UPLOAD SALE TO RETAILER(SERVER,TO SEND BILL TO RETAILER THROUGH SERVER,                 348,Utilities >,,0,H,
2,UPLOAD SALE TO RETAILER(EMAIL),TO SEND BILL TO RETAILER THROUGH EMAIL,                 349,Utilities >,,0,H,
2,UPLOAD DATA TO IMS,,                 350,Utilities >,,0,H,
2,MSCDA REPORT,USING THIS OPTION YOU CAN DIRECTLY SEND SALE REPORT EMAIL TO PERTICULAR COMPANY,                 351,Utilities >,,0,H,
2,DOWNLOAD PURCHASE,"IF YOU WISH TO DOWNLOAD PURCHASE BILL ONLINE USE THIS OPTION, HERE YOU CAN GET LIST OF SOFTWARE",                 352,Utilities >,,0,H,
3,'CARE' FORMAT,,                 353,Utilities > Download Purchase >,,0,H,
3,LUPIN,,                 354,Utilities > Download Purchase >,,0,H,
3,PIRAMAL/ABBOTT,,                 355,Utilities > Download Purchase >,,0,H,
3,J.B.CHEMICAL,,                 356,Utilities > Download Purchase >,,0,H,
3,IPCA FORMAT,,                 357,Utilities > Download Purchase >,,0,H,
3,EMCURE FORMAT,,                 358,Utilities > Download Purchase >,,0,H,
3,TORRENT,,                 359,Utilities > Download Purchase >,,0,H,
3,INDOCO,,                 360,Utilities > Download Purchase >,,0,H,
3,- -,,                 361,Utilities > Download Purchase >,,0,H,
3,CIPLA/MANKIND/CENTAUR/HIMALAYA,,                 362,Utilities > Download Purchase >,,0,H,
3,MEDICA,,                 363,Utilities > Download Purchase >,,0,H,
3,OTHER1,,                 364,Utilities > Download Purchase >,,0,H,
3,COMPUTECH,,                 365,Utilities > Download Purchase >,,0,H,
3,MV FORMAT,,                 366,Utilities > Download Purchase >,,0,H,
2,CREATE FILE FOR WEB-UPLOAD,,                 367,Utilities >,,0,H,
2,CREATE FILES FOR PHONE,,                 368,Utilities >,,0,H,
2,GENERATE AUTO BILLS FOR PHONE,,                 369,Utilities >,,0,H,
2,GENERATE BILLS FROM ONLINE ORD,,                 370,Utilities >,,0,H,
2,GENERATE ORDERMAN BILLS,BY CLICKING ON THIS OPTION YOU CAN CREATE SALEBILLS OF ORDER UPLOADED FROM ORDERMAN APP,                 371,Utilities >,,0,H,
2,GENERATE BILLS FROM LAPTOP ORD,,                 372,Utilities >,,0,H,
2,DOWNLOAD CN,,                 373,Utilities >,,0,H,
2,UPLOAD PURCHASE TO BRANCH,,                 374,Utilities >,,0,H,
2,UPLOAD STOCK FROM LAST YEAR PU,,                 375,Utilities >,,0,H,
2,ENTER RETAILORS ORDER,,                 376,Utilities >,,0,H,
2,CREATE COMBINED ORDER,,                 377,Utilities >,,0,H,
2,ATTENDANCE,USING THIS OPTION YOU CAN MAINTAIN DAILY ATTENDANCE OF YOUR WORKERS,                 378,Utilities >,,0,H,
2,SALARY,USING THIS OPTION YOU CAN MAINTAIN SALARY CHART OF WORKERS BASED ON THEIR ATTENDANCE,                 379,Utilities >,,0,H,
2,SEND BULK EMAIL,USING THIS OPTION YOU CAN SEND EMAIL TO NO OF CUSTOMERS WITH MESSAGE YOU WANT TO SNED,                 380,Utilities >,,0,H,
2,CONTACT US,IF YOU HAVE ANY KIND OF QUERY REGARDING SOFTWARE YOU CAN SEND EMAIL TO CARE SOFTWARE ON THIS EMAILID,                 381,Utilities >,,0,H,
1,SEND SMS,YOU CAN SEND MESSAGE TO YOUR CUSTOMERS BY USING THIS MENU.IT PROVIDES FOLLOWING OPTION,                 382,Send Sms,,0,H,
2,SINGLE SMS,TO SEND SINGLE MESSAGE USE THIS MENU,                 383,Send Sms >,,0,H,
2,BULK SMS,TO SEND MULTIPLE MESSAGES TO ALL OR SELECTED PARTIES USE THIS MENU,                 384,Send Sms >,,0,H,
2,SMS SETTINGS,\\disabld,                 385,Send Sms >,,0,H,
2,BULK EMAIL,SIMILAR TO BAULK SMS YOU CAN ALSO SEND BULK EMAIL,                 386,Send Sms >,,0,H,
1,QUICK MENU,,                 387,Quick Menu,,0,H,
2,DAILY CASH REPORT,TO VIEW ALL THE CASH TRANSACTIONS DONE ON PARTICULAR DATE,                 388,Quick Menu  >,,0,H,
2,STOCK HOLD\RELEASE,IT INCLUDES FOLLOWING 2 OPTIONS:,                 389,Quick Menu  >,,0,H,
3,PRODUCTWISE,TO HOLD OR RELEASE STOCK OF PARTICULAR PRODUCT,                 390,Quick Menu  > Stock Hold/Relese,,0,H,
3,COMPANYWISE,TO HOLD OR RELEASE STOCK OF PARTICULAR COMPANY,                 391,Quick Menu  > Stock Hold/Relese,,0,H,
2,PAYMENT SEARCH BY BILL NO.,\\,                 392,Quick Menu  >,,0,H,
2,PARTYWISE OUTSTANDING,\\,                 393,Quick Menu  >,,0,H,
2,STOCK IN,TO ENTER STOCK OF PRODUCT TO SOFTWARE OR TO MAKE ENTRY OF STOCK BROUGHT FROM GODOWN,                 394,Quick Menu  >,,0,H,
2,STOCK OUT,TO REMOVE THE STOCK OF PRODUCT OR TO TRANSFER THE STOCKTO GODOWN,                 395,Quick Menu  >,,0,H,
2,PARTYWISE CR/DB NOTES,TO VIEW ALL THE DEBIT/CREDIT NOTES OF PARTICULAR PARTY,                 396,Quick Menu  >,,0,H,
2,DATEWISE CHANGED DELETED PRODU,TO VIEW DELETED PRODUCTS IN BILLS,                 397,Quick Menu  >,,0,H,
2,SALES BILL PRINT(FROM-TO),TO VIEW DELETED SALE BILLS BETWEEN GIVEN RANGE,                 398,Quick Menu  >,,0,H,
2,DELETED SALES BILL ENTRY,TO VIEW DELETED BILLS,                 399,Quick Menu  >,,0,H,
2,STOCK AND SALE,,                 400,Quick Menu  >,,0,H,
1,EXIT,,                 401,Exit,,0,H,
1,22/08/24,SETTING ADDED IN SETTINGS FOR MAX CN AMOUNT TO CREATE,,Utilities -> Settings,AMARAG,1,N,
1,22/08/24,DYNAMIC QR  CAN BE ADDED ON BILL/STATMENT PRINT,,,SWASTIKPUN,2,N,`
1,24/08/24,ENTRY BY AND DATE TIME ADDED IN SCHEME,,Transaction >,LAXMI AG,3,N,schemeall
1,28/08/24,MARK BILL URGENT FOR STOCK PROCESS,,,ARNAV,4,N,sales
1,28/08/24,STOP CREATING NEW DEBTOR USERWISE,,,GIRDHARLAL,5,N,
1,28/08/24,PRESS <HOME> TO SEARCH PRODUCT IN BILL,,,SUSHRUT,6,N,
1,28/08/24,PRINT BOLD ADDED IN PRODUCT MASTER (TO PRINT BOLD IN BILL),,,,7,N,PRODUCT
1,28/08/24,ADD STOCK ADDED IN PRODUCT MASTER (TO NOT ADD STAOCK OF PRODUCT IN PURCHASE),,,,8,N,PRODUCT
1,28/08/24,CTRL + Y SHOW FAVORITE PRODUCT LIST WHILE SALE BILL,,,,9,N,
1,28/08/24,TRAY WISE STOCK PROCESS ADDED,,,ARNAV,10,N,
1,28/08/24,BILL CHECKED OR NOT ADDED IN PURCHASE,,,SANDEEP,11,N,PURCHASE
1,28/08/24,SPECIAL SCHEME PRODUCT ADDED IN PURCHASE,,,SANDEEP,12,N,PURCHASE
1,28/08/24,"SEARCH PARTY NAME BY SHOP NAME,ADDREDD,MOBILE NO,CONTACT,BANK ACC BY PRESSING <HOME>",,,SANDEEP,13,N,
1,28/08/24,NON RECINCILLED REPORT ADDED IN BANKBOOK,,,SUSHRUT,14,N,BANKBOOKDEBCRED
1,28/08/24,DEPOSIT WITHDRAW FILTER ADDED IN BANK BOOK,,,SUSHRUT,15,N,BANKBOOKDEBCRED
1,28/08/24,SHOW TRANSACTION OPTION ADDED IN USERMASTER,,MASTER - > RIGHTS,SANDEEP,16,N,USERMASTER
1,28/08/24,NO CREDIT SALE OPTION ADDED IN PRODUCT MASTER,,MASTER - > PRODUCT,,17,N,PRODUCT
1,29/08/24,CHEQUE CLEAR ON ADDED IN CHEQUE PAID ENTRY,,,SANDEEP,18,N,BANKPAID
1,29/08/24,ON ACCOUNT ADJUSTED VOUCHERS HIGHLIGHTED IN LEDGER,,,SANDEEP,19,N,LEDGER
1,29/08/24,GST CHANGE IN PURHCASE AND MASTER HIGHLIGHTED IN PURCHASE,,,SANDEEP,20,N,PURCHASE
1,29/08/24,TIME ADDED IN PRODUCTWISE SALE REPORT,,REPORT - > SALES,SANDEEP,21,N,
