PROD_NO,PR_BATCHNO,EXPIRY,T_RATE,PUR_RATE,MRP,RATE,STKKEY,CL_STK,PUR_AC,SGST,CGST,IGST,PUR_DATE,BILL_NO,PUR_VOUNO,PUR_VOUTYP,PUR_VSERIS
   2348,AFSAF3523,10/25,530.0,530.0,6504.0,4645.72,15,0,C   2,6.0,6.0,0.0,2024-06-03,NCC/13673,1,PR1,2425
   1912,ENSW00523,02/26,170.0,170.0,705.0,537.46,17,0,C   2,2.5,2.5,0.0,2024-06-03,NCC/13673,1,PR1,2425
     63,EBC100124,01/26,1250.0,1250.0,3527.0,1265.0,19,0,C   2,2.5,2.5,0.0,2024-06-03,NCC/13673,1,PR1,2425
   2360,74230036,08/25,120.0,120.0,632.0,165.0,23,0,C   2,6.0,6.0,0.0,2024-06-03,NCC/14678,2,PR1,2425
    318,ZEK0032,12/25,70.0,70.0,447.3,80.0,26,0,C   2,6.0,6.0,0.0,2024-06-03,NCC/14678,2,PR1,2425
    131,GB53P002,01/26,750.0,750.0,6149.0,4392.14,31,0,C   2,6.0,6.0,0.0,2024-06-03,NCC/14678,2,PR1,2425
   3653,IAJV3002A,01/25,65.0,65.0,599.0,427.86,32,0,C   2,6.0,6.0,0.0,2024-06-03,NCC/14678,2,PR1,2425
    313,ABK0047,01/26,30.0,30.0,688.0,461.64,33,0,C   2,6.0,6.0,0.0,2024-06-03,NCC/14678,2,PR1,2425
   2333,7A240002,12/25,105.0,105.0,1720.0,133.5,38,0,C   2,6.0,6.0,12.0,2024-06-03,NCC/13672,3,PR1,2425
   2374,GLT09N26,11/25,245.0,245.0,5635.0,245.01,43,0,C   2,6.0,6.0,0.0,2024-06-03,NCC/13672,3,PR1,2425
   3837,205038,02/26,170.0,170.0,2238.0,320.0,46,0,C   2,2.5,2.5,0.0,2024-06-03,NCC/13672,3,PR1,2425
   6256,MA23180,02/25,6.5,6.5,35.0,7.5,48,0,C   1,6.0,6.0,0.0,2024-06-07,CH/996,5,PR1,2425
   3987,KP1568077,01/26,7.0,7.0,26.38,7.0,49,0,C   1,6.0,6.0,0.0,2024-06-07,CH/996,5,PR1,2425
   6257,PT23D50055,03/25,18.5,18.5,42.79,19.5,50,0,C   1,6.0,6.0,0.0,2024-06-07,CH/996,5,PR1,2425
   6258,LRA0023,01/25,18.15,18.15,48.75,19.5,51,0,C   1,6.0,6.0,0.0,2024-06-07,CH/996,5,PR1,2425
   6259,PT23NS072A,06/25,10.5,10.5,22.03,12.0,52,0,C   3,6.0,6.0,0.0,2024-06-07,CR/08,6,PR1,2425
   6260,PT23NS0027C,05/25,17.5,17.5,39.03,18.45,53,0,C   3,6.0,6.0,0.0,2024-06-07,CR/08,6,PR1,2425
   6263,24510137,01/26,295.0,295.0,413.68,309.75,56,0,C   4,6.0,6.0,0.0,2024-06-07,C/C 1205,7,PR1,2425
   6264,4EA0021,12/25,78.23,65.19,109.53,84.48,57,0,C   4,6.0,6.0,0.0,2024-06-07,C/C 1205,7,PR1,2425
   6265,ULT2401,12/25,48.82,48.82,68.35,51.2,58,0,C   4,6.0,6.0,0.0,2024-06-07,C/C 1205,7,PR1,2425
   6266,RADC3023,08/25,215.68,197.71,301.95,225.5,59,0,C   4,6.0,6.0,0.0,2024-06-07,C/C 1205,7,PR1,2425
   6095,11760007,01/25,250.0,250.0,1789.7,403.9,60,0,C   5,6.0,6.0,0.0,2024-06-08,CC/15579,8,PR1,2425
   6095,11760007,01/25,280.0,280.0,1789.7,403.9,61,0,C   2,6.0,6.0,0.0,2024-06-08,NCC/15567,9,PR1,2425
   3943,KM144189,12/25,25.5,24.74,34.93,27.4,63,0,C   1,6.0,6.0,0.0,2024-06-08,CH/1013,11,PR1,2425
   6268,ODCI-001,12/25,25.0,25.0,39.9,28.4,64,0,C   1,6.0,6.0,0.0,2024-06-09,CH/1006,12,PR1,2425
   6269,NS10040,02/25,39.7,39.7,96.32,46.75,65,0,C   1,6.0,6.0,0.0,2024-06-09,CH/1006,12,PR1,2425
   6270,A0112023,01/26,10.15,10.15,13.08,11.1,66,0,C   1,2.5,2.5,0.0,2024-06-09,CH/1006,12,PR1,2425
   3905,KP1713724,10/25,24.5,23.77,33.0,24.5,67,0,C   1,6.0,6.0,0.0,2024-06-09,CH/1006,12,PR1,2425
   3950,V305784,09/25,35.5,34.44,66.25,35.5,68,0,C   1,6.0,6.0,0.0,2024-06-09,CH/1006,12,PR1,2425
   3940,L1039,01/26,27.0,26.19,37.95,27.0,69,0,C   1,6.0,6.0,0.0,2024-06-09,CH/1006,12,PR1,2425
   3943,KM144179,09/25,25.5,24.74,34.93,25.5,70,0,C   1,6.0,6.0,0.0,2024-06-09,CH/1006,12,PR1,2425
   6271,BLNP274013,09/26,57.0,55.29,83.0,57.0,71,0,C   1,6.0,6.0,0.0,2024-06-09,CH/1006,12,PR1,2425
   6272,TAZ24005,01/27,13.5,13.5,43.92,22.0,72,0,C   1,6.0,6.0,0.0,2024-06-09,CH/1006,12,PR1,2425
   6273,2154R056,02/26,550.0,550.0,897.25,685.0,73,0,C   6,2.5,2.5,0.0,2024-06-11,PCM/3589,13,PR1,2425
   6274,GM8811,08/24,5.75,5.75,10.0,6.85,74,0,C   1,6.0,6.0,0.0,2024-06-11,CH/1051,14,PR1,2425
   1773,NC3029A,05/25,398.0,398.0,632.0,430.0,76,0,C   6,6.0,6.0,0.0,2024-06-18,PCM/3953,15,PR1,2425
   1503,PO240027C,12/26,8500.0,8500.0,21450.0,9500.0,77,0,C   2,6.0,6.0,0.0,2024-06-18,NCC/18379,16,PR1,2425
   6275,MT240562,01/26,141.64,130.31,198.3,142.4,78,0,C   4,6.0,6.0,0.0,2024-06-18,C/C 1274,17,PR1,2425
   6275,MT235663,11/25,141.6,130.27,180.4,142.4,79,0,C   4,6.0,6.0,0.0,2024-06-18,C/C 1274,17,PR1,2425
   6277,GEDD0002,04/25,250.09,245.09,350.0,260.0,81,0,C   8,6.0,6.0,0.0,2024-06-22,2425CCB3551,19,PR1,2425
   6278,2333L025B,05/26,172.98,169.52,216.23,180.0,82,0,C   9,2.5,2.5,0.0,2024-06-26,CC-2187,20,PR1,2425
   6268,ODCI-001,12/25,25.0,25.0,39.9,28.4,83,0,C   1,6.0,6.0,0.0,2024-06-26,CH/1329,21,PR1,2425
   6279,AS9089,03/26,2.6,2.6,5.1,3.0,84,0,C   1,6.0,6.0,0.0,2024-06-26,CH/1329,21,PR1,2425
   6280,AM8957,06/25,9.5,9.5,47.0,11.0,85,0,C   1,6.0,6.0,0.0,2024-06-26,CH/1329,21,PR1,2425
   2743,RN9135,02/26,2.7,2.7,6.0,2.8,86,0,C   1,6.0,6.0,0.0,2024-06-26,CH/1329,21,PR1,2425
   6281,1302066,10/25,32.5,31.53,70.97,32.5,87,0,C   1,6.0,6.0,0.0,2024-06-26,CH/1329,21,PR1,2425
   6282,V639038,03/25,12.5,12.13,24.98,12.5,88,0,C   1,2.5,2.5,0.0,2024-06-26,CH/1329,21,PR1,2425
   6283,87815,08/25,37.8,36.67,50.5,37.8,89,0,C   1,6.0,6.0,0.0,2024-06-26,CH/1329,21,PR1,2425
   3933,1255135,11/24,14.7,14.26,27.9,14.7,90,0,C   1,6.0,6.0,0.0,2024-06-26,CH/1329,21,PR1,2425
   3938,388069,07/25,63.75,61.84,223.5,63.75,91,0,C   1,3.0,3.0,0.0,2024-06-26,CH/1329,21,PR1,2425
   6284,1431108,08/25,24.5,23.77,34.6,24.5,92,0,C   1,6.0,6.0,0.0,2024-06-26,CH/1329,21,PR1,2425
   3976,KP247272,12/25,12.1,11.74,45.16,12.1,93,0,C   1,6.0,6.0,0.0,2024-06-26,CH/1329,21,PR1,2425
   6285,1201071,03/25,95.6,92.73,408.6,95.6,94,0,C   1,2.5,2.5,0.0,2024-06-26,CH/1329,21,PR1,2425
   6286,2527068,09/24,43.0,41.71,69.0,43.0,95,0,C   1,6.0,6.0,0.0,2024-06-26,CH/1329,21,PR1,2425
   3950,V305801,09/25,35.5,33.4,66.25,35.5,96,0,C   1,6.0,6.0,0.0,2024-06-26,CH/1329,21,PR1,2425
   6287,V22176A,02/25,42.5,42.5,135.5,45.0,97,0,C   1,6.0,6.0,0.0,2024-06-26,CH/1329,21,PR1,2425
   6288,EM230255A,08/26,54.83,40.35,71.97,54.83,99,0,C   4,2.5,2.5,0.0,2024-07-02,C/C1760,23,PR1,2425
   6289,ELF8AV4002,08/26,74.32,61.54,104.05,74.32,100,0,C   4,6.0,6.0,0.0,2024-07-02,C/C1760,23,PR1,2425
   6290,C0124,02/26,48.92,45.01,68.5,48.92,101,0,C   4,6.0,6.0,0.0,2024-07-02,C/C1760,23,PR1,2425
   6268,ODCI-010,01/26,25.0,25.0,39.9,28.4,104,0,C   1,6.0,6.0,0.0,2024-07-02,CH/1439,26,PR1,2425
   6293,HY24001SR,01/26,8.55,8.55,12.59,9.0,105,0,C   1,6.0,6.0,0.0,2024-07-02,CH/1439,26,PR1,2425
   3940,L1089,01/26,27.0,26.19,37.95,27.0,106,0,C   1,6.0,6.0,0.0,2024-07-02,CH/1439,26,PR1,2425
   6294,1848,01/25,130.0,130.0,250.0,135.0,107,0,C   3,6.0,6.0,0.0,2024-07-02,CR/14,27,PR1,2425
   6295,8623,05/25,8.0,8.0,25.0,8.75,108,0,C   3,6.0,6.0,0.0,2024-07-02,CR/14,27,PR1,2425
   6297,24C07K93,02/29,3.2,3.2,10.0,4.0,110,0,C  10,6.0,6.0,0.0,2024-07-02,4554,28,PR1,2425
   6298,AP-23602,06/25,42.0,42.0,386.7,45.0,111,0,C   3,6.0,6.0,0.0,2024-07-03,CR/15,29,PR1,2425
   6299,22900,10/24,32.0,32.0,48.16,35.0,112,0,C   3,6.0,6.0,0.0,2024-07-03,CR/15,29,PR1,2425
   6300,404412,02/27,4.9,4.9,19.8,5.58,113,0,C   1,6.0,6.0,0.0,2024-07-03,CH/1466,30,PR1,2425
   6301,414148,03/27,4.9,4.9,19.8,5.58,114,0,C   1,6.0,6.0,0.0,2024-07-03,CH/1466,30,PR1,2425
   3950,V305801,09/25,35.5,33.4,66.25,35.5,115,0,C   1,6.0,6.0,0.0,2024-07-03,CH/1466,30,PR1,2425
   6302,SUNDARAM,06/25,185.0,185.0,570.0,210.0,116,0,C   1,6.0,6.0,0.0,2024-07-02,CH/1440,25,PR1,2425
   6303,18230334,05/26,81.12,81.12,113.57,81.12,119,0,C   7,6.0,6.0,0.0,2024-07-05,87582,33,PR1,2425
   6304,05240153,12/26,219.64,219.64,307.5,219.64,120,0,C   7,6.0,6.0,0.0,2024-07-05,87582,33,PR1,2425
   6305,AT020424,03/27,392.79,392.79,515.55,392.79,121,0,C   7,2.5,2.5,0.0,2024-07-05,87582,33,PR1,2425
   6306,GPI064007B,08/26,145.22,145.22,203.3,145.22,122,0,C   7,6.0,6.0,0.0,2024-07-05,87582,33,PR1,2425
   6307,JKN014001AS,12/26,167.55,167.55,234.55,167.55,123,0,C   7,6.0,6.0,0.0,2024-07-05,87582,33,PR1,2425
   6308,60001208,04/27,31.43,31.43,44.0,31.43,124,0,C   7,6.0,6.0,0.0,2024-07-05,87582,33,PR1,2425
   6309,GTE2999A,11/25,375.0,375.0,525.0,375.0,125,0,C   4,6.0,6.0,0.0,2024-07-05,17450,34,PR1,2425
   6310,APCO27,07/26,415.0,348.6,581.0,415.0,126,0,C  12,6.0,6.0,0.0,2024-07-05,30722,35,PR1,2425
   6311,HM7033,03/25,58.57,58.57,76.1,58.57,127,0,C  12,6.0,6.0,0.0,2024-07-05,CASH30336,36,PR1,2425
   6312,GTF1013A,03/26,187.86,187.86,263.0,187.86,128,0,C  13,6.0,6.0,0.0,2024-07-05,CASH47583,37,PR1,2425
   6312,GTF1796A,05/26,187.86,187.86,263.0,187.86,129,0,C  13,6.0,6.0,0.0,2024-07-05,CASH47583,37,PR1,2425
   5291,ATR24004,02/26,28.0,28.0,47.51,29.75,130,0,C  14,6.0,6.0,0.0,2024-07-05,C/C7705,38,PR1,2425
   6313,24112,00/00,12.2,12.2,32.1,15.0,131,0,C  14,6.0,6.0,0.0,2024-07-05,C/C7705,38,PR1,2425
   6075,MLT24033,06/25,20.0,20.0,178.37,25.0,133,0,,3.0,3.0,0.0,2024-07-05,CC/427,39,PR1,2425
   6316,4P01012,03/26,87.86,87.86,123.0,89.0,135,0,C  15,6.0,6.0,0.0,2024-07-05,890431,40,PR1,2425
   3828,702893,08/25,1450.0,1450.0,8360.0,1474.0,136,0,C   2,6.0,6.0,0.0,2024-07-05,NCC/22585,41,PR1,2425
   6317,1064207,10/28,3.15,3.15,10.0,4.0,138,0,C  10,6.0,6.0,0.0,2024-07-06,C/C4814,43,PR1,2425
    230,IHEPB1426,01/26,130.0,130.0,335.77,290.0,140,0,C   6,6.0,6.0,0.0,2024-07-07,PCM/4099,44,PR1,2425
   3987,KP1568087,03/26,7.0,7.0,26.38,8.5,141,0,C  14,6.0,6.0,0.0,2024-07-08,C/C 7904,45,PR1,2425
   5392,24101,02/25,6.6,6.6,13.67,7.0,142,0,C  14,6.0,6.0,12.0,2024-07-08,C/C 7904,45,PR1,2425
   6313,24112,02/26,12.2,12.2,32.1,15.0,143,0,C  14,6.0,6.0,0.0,2024-07-08,C/C 7904,45,PR1,2425
   3905,KP1713751,01/26,23.5,23.5,33.0,24.5,144,0,C  14,6.0,6.0,0.0,2024-07-08,C/C 7904,45,PR1,2425
   6318,PIGAM179,03/26,22.0,22.0,28.74,23.0,145,0,C  14,6.0,6.0,0.0,2024-07-08,C/C 7904,45,PR1,2425
   6319,BBA24001,01/26,31.38,31.38,43.94,31.38,146,0,C  15,6.0,6.0,0.0,2024-07-08,890529,46,PR1,2425
   6320,02240026,12/25,333.9,327.22,467.46,333.9,147,0,C  12,6.0,6.0,0.0,2024-07-08,CASH31860,47,PR1,2425
   6321,E2400790,03/27,59.93,58.73,83.9,59.93,148,0,C  12,6.0,6.0,12.0,2024-07-08,CASH31860,47,PR1,2425
   6322,24070271,03/26,149.11,149.11,208.75,149.11,149,0,C  13,6.0,6.0,12.0,2024-07-08,C/C51953,48,PR1,2425
   6323,010DB2406,03/26,46.07,46.07,64.5,47.0,150,0,C  12,6.0,6.0,0.0,2024-07-09,CASH32268,49,PR1,2425
   6324,15002541,04/26,105.43,105.43,147.6,106.0,151,0,C  12,6.0,6.0,0.0,2024-07-09,CASH32268,49,PR1,2425
   6325,DAZA4008,02/27,158.59,158.59,222.03,159.59,152,0,C  16,6.0,6.0,0.0,2024-07-09,54971,50,PR1,2425
   6326,106231530,10/26,127.19,127.19,185.0,128.19,153,0,C  16,6.0,6.0,0.0,2024-07-09,54971,50,PR1,2425
   6327,202400234,01/27,85.93,85.93,125.0,86.93,154,0,C  16,6.0,6.0,0.0,2024-07-09,54971,50,PR1,2425
   6328,S400079,12/26,43.11,35.93,60.36,44.11,155,0,C  16,6.0,6.0,0.0,2024-07-09,54971,50,PR1,2425
   6329,4GH0255,12/25,433.73,433.73,607.22,434.73,156,0,C  13,6.0,6.0,0.0,2024-07-09,C/C52108,51,PR1,2425
   1972,E16JQ23016,11/26,1650.0,1650.0,3863.32,1860.0,157,0,C  17,6.0,6.0,0.0,2024-07-10,CR/1093,52,PR1,2425
    230,IHEPB1426,01/26,130.0,130.0,335.77,290.0,158,0,C   6,6.0,6.0,0.0,2024-07-10,PCM/5157,53,PR1,2425
   6330,LAA24005,02/26,106.78,106.78,157.5,107.0,159,0,C  13,9.0,9.0,0.0,2024-07-12,C/C52455,54,PR1,2425
   1556,4T00070,02/26,19.04,16.18,26.65,19.04,160,0,C  13,6.0,6.0,0.0,2024-07-12,C/C52455,54,PR1,2425
   6331,BA32777,09/25,97.77,97.77,136.88,98.5,161,0,C  13,6.0,6.0,0.0,2024-07-12,C/C52455,54,PR1,2425
   1570,4SN0678,03/26,17.81,16.47,24.94,18.0,162,0,C  13,6.0,6.0,0.0,2024-07-12,C/C52455,54,PR1,2425
   6332,EMV230490C,02/25,121.43,121.43,170.0,125.0,163,0,C  13,6.0,6.0,0.0,2024-07-12,C/C52455,54,PR1,2425
   6333,RBIB24011,02/27,255.62,255.62,357.87,256.0,164,0,C  13,6.0,6.0,0.0,2024-07-12,C/C52455,54,PR1,2425
   6334,091517,11/25,10.1,9.7,19.94,10.1,165,0,C   1,6.0,6.0,0.0,2024-07-12,CH/1615,55,PR1,2425
   6334,091527,01/26,10.1,9.7,19.94,10.1,166,0,C   1,6.0,6.0,0.0,2024-07-12,CH/1615,55,PR1,2425
   6256,MA23180,02/25,6.5,6.5,35.0,7.5,167,0,C   1,6.0,6.0,0.0,2024-07-12,CH/1616,56,PR1,2425
   6335,N960L005,02/26,68.93,68.93,96.5,69.0,168,0,C  13,6.0,6.0,0.0,2024-07-12,C/C52373,57,PR1,2425
   6336,TLK3L005,01/26,29.76,29.76,41.66,30.0,169,0,C  13,6.0,6.0,0.0,2024-07-12,C/C52373,57,PR1,2425
   4500,EPS1C23028,06/26,160.0,160.0,1056.0,175.0,173,0,C   6,6.0,6.0,0.0,2024-07-13,PCM/5169,59,PR1,2425
   6337,C401005,03/28,291.25,242.71,407.75,291.25,174,0,C   9,6.0,6.0,0.0,2024-07-13,CC-2588,60,PR1,2425
   6316,4P01012,03/26,87.86,87.86,123.0,89.0,175,0,C  15,6.0,6.0,0.0,2024-07-13,890783,61,PR1,2425
   2765,KA24020,03/27,268.0,268.0,397.62,282.2,176,0,C   6,2.5,2.5,0.0,2024-07-15,PCM/5366,62,PR1,2425
    924,B10924011,03/26,238.0,238.0,438.33,254.0,177,0,C   6,2.5,2.5,0.0,2024-07-15,PCM/5366,62,PR1,2425
   6338,N23343C,11/25,22.0,22.0,51.13,26.5,178,0,C   6,6.0,6.0,0.0,2024-07-15,PCM/5366,62,PR1,2425
   3862,204935,08/25,876.0,876.0,2990.0,1066.67,179,0,C  17,2.5,2.5,0.0,2024-07-15,CR/1154,63,PR1,2425
   1437,4GG0083,01/26,1150.0,1150.0,4290.0,1500.0,180,0,C   6,6.0,6.0,0.0,2024-07-17,PCM/5405,64,PR1,2425
    809,B08723003,10/25,1180.0,1180.0,4642.77,1380.0,182,0,C   6,6.0,6.0,0.0,2024-07-18,PCM/5469,66,PR1,2425
   6339,120662,06/25,156.25,151.56,1015.0,157.25,184,0,C   1,2.5,2.5,0.0,2024-07-18,CH/1712,68,PR1,2425
   6324,15002541,04/26,105.43,103.32,147.6,106.0,185,0,C  12,6.0,6.0,0.0,2024-07-18,CASH35660,69,PR1,2425
   6339,120662,06/25,150.0,150.0,1015.0,157.25,186,0,C  14,2.5,2.5,0.0,2024-07-20,C/C9034,70,PR1,2425
   5470,CTDL3C3,11/25,310.0,310.0,570.0,377.0,187,0,C   2,6.0,6.0,0.0,2024-07-21,NCC/27439,71,PR1,2425
    874,A09624006,01/27,1500.0,1500.0,3353.45,1780.0,188,0,C   2,6.0,6.0,0.0,2024-07-21,NCC/27430,72,PR1,2425
    815,B14224009,04/27,570.0,570.0,2538.58,600.0,189,0,C   6,2.5,2.5,0.0,2024-07-22,PCM/5608,73,PR1,2425
   2989,KA24024,04/27,330.0,330.0,3800.0,370.0,192,0,C   2,6.0,6.0,12.0,2024-07-23,NCC/26513,76,PR1,2425
    179,11020241,02/26,125.0,125.0,1936.0,145.0,193,0,C   2,6.0,6.0,0.0,2024-07-23,NCC/26513,76,PR1,2425
   1437,GG30470,09/25,1030.0,1030.0,4290.0,1585.0,194,0,C   2,6.0,6.0,0.0,2024-07-23,NCC/26513,76,PR1,2425
   1503,PO240027C,12/26,8500.0,8500.0,21450.0,9700.0,195,0,C   2,6.0,6.0,0.0,2024-07-23,NCC/26513,76,PR1,2425
    760,B10924007,03/26,230.0,230.0,438.33,270.0,198,0,C   2,2.5,2.5,0.0,2024-07-23,NCC/26513,76,PR1,2425
   6220,B300405,06/25,180.0,180.0,1677.0,206.5,200,0,C   2,6.0,6.0,0.0,2024-07-29,NCC/29292,78,PR1,2425
   6341,CDA1004,11/25,5625.0,5625.0,17816.1,6830.0,201,0,C  18,6.0,6.0,12.0,2024-07-29,CCB10027,79,PR1,2425
   6337,G401006,03/28,291.25,242.71,407.75,291.25,202,0,C   9,6.0,6.0,0.0,2024-07-29,CC-2952,80,PR1,2425
   6342,14961/68,10/29,2300.0,2300.0,3780.0,2437.0,203,0,C  10,6.0,6.0,12.0,2024-07-30,C/C6183,81,PR1,2425
   6343,EASYCARE,10/29,1600.0,1600.0,7999.0,1880.0,204,0,C  10,6.0,6.0,12.0,2024-07-30,C/C6183,81,PR1,2425
   6344,PO240034A,12/25,3580.0,3580.0,7592.2,3925.0,205,0,C   6,6.0,6.0,12.0,2024-07-31,PCM/5906,82,PR1,2425
   4497,FGS1A23008,04/26,180.0,180.0,1299.0,190.0,206,0,C   6,6.0,6.0,0.0,2024-08-01,PCM/5915,83,PR1,2425
   6345,20350423,01/26,135.0,135.0,315.0,180.0,207,0,C  10,6.0,6.0,0.0,2024-07-30,C/C6183,81,PR1,2425
   6346,97117,05/25,67.0,67.0,309.0,70.0,208,0,C  14,6.0,6.0,0.0,2024-08-02,C/C10128,84,PR1,2425
   3954,V350402,11/25,61.0,61.0,123.7,65.0,209,0,C  14,6.0,6.0,12.0,2024-08-02,C/C10128,84,PR1,2425
   6347,24193,05/27,17.0,17.0,28.25,18.0,210,0,C  14,6.0,6.0,12.0,2024-08-02,C/C10128,84,PR1,2425
   5291,ATR24004,02/26,28.0,28.0,47.51,29.75,211,0,C  14,6.0,6.0,0.0,2024-08-02,C/C10128,84,PR1,2425
    617,A1A236AA,03/26,4200.0,4200.0,6970.0,4350.0,212,0,C   2,2.5,2.5,0.0,2024-08-03,NCC/29613,85,PR1,2425
   1929,M10122403C,12/25,3300.0,3300.0,10848.0,3800.0,214,0,C   2,6.0,6.0,0.0,2024-08-06,NCC/31666,87,PR1,2425
   6344,PO240034A,12/25,4100.0,4100.0,7592.2,4200.0,215,0,C   6,6.0,6.0,12.0,2024-08-08,PCM/6155,88,PR1,2425
   4978,2422604,02/26,312.5,306.25,438.0,350.0,216,0,C   6,6.0,6.0,0.0,2024-08-09,PCM/6212,89,PR1,2425
   2675,AT24099A,01/27,18.0,18.0,32.75,22.25,218,0,C   6,6.0,6.0,0.0,2024-08-13,PCM/6333,91,PR1,2425
    924,B10924009,03/26,240.0,240.0,438.33,254.0,219,0,C   2,2.5,2.5,0.0,2024-08-14,NCC/29463,92,PR1,2425
   3837,205068,04/26,170.0,170.0,2238.0,320.0,222,0,C   2,2.5,2.5,0.0,2024-08-14,NCC/29463,92,PR1,2425
   1740,N240217A,02/27,780.0,780.0,3019.5,820.0,225,0,C   2,6.0,6.0,0.0,2024-08-14,NCC/32462,93,PR1,2425
    759,B10824002,01/26,480.0,480.0,974.65,525.0,226,0,C   6,2.5,2.5,0.0,2024-08-14,PCM/6234,94,PR1,2425
    759,B10824002,01/26,480.0,480.0,974.65,525.0,227,0,C   6,2.5,2.5,0.0,2024-08-14,PCM/6280,95,PR1,2425
   3628,X026741,06/26,8680.0,8506.4,10850.0,8700.0,228,0,C   6,2.5,2.5,0.0,2024-08-14,PCM/6272,96,PR1,2425
   1893,062430F22,05/26,120.54,120.54,1163.0,138.45,229,0,C  18,6.0,6.0,12.0,2024-08-14,CCB11170,97,PR1,2425
   6275,MT241312,02/26,141.6,141.6,198.3,141.6,230,0,C   4,6.0,6.0,0.0,2024-08-15,23523,98,PR1,2425
   6349,GTF0513A,01/26,151.43,151.43,212.0,151.43,231,0,C   4,6.0,6.0,12.0,2024-08-15,23523,98,PR1,2425
   6350,TPA4F3,09/26,353.57,346.5,495.0,353.57,232,0,C  12,6.0,6.0,12.0,2024-08-15,39138,99,PR1,2425
   4139,D0992310B,08/25,120.0,120.0,1450.0,150.0,233,0,C   6,6.0,6.0,0.0,2024-08-15,SSP/132,100,PR1,2425
   3548,X022712,03/26,2992.0,2932.16,3927.0,2992.0,237,0,C   6,2.5,2.5,0.0,2024-08-16,PCM/6378,103,PR1,2425
   6344,PO240034A,12/25,4100.0,4100.0,7592.2,4200.0,238,0,C   6,6.0,6.0,12.0,2024-08-16,PCM/6404,104,PR1,2425
   3981,KP1254125,02/27,11.0,11.0,16.12,13.0,239,0,C  14,6.0,6.0,0.0,2024-08-16,11415,105,PR1,2425
   6351,27782402,05/26,22.0,22.0,66.0,26.8,240,0,C  14,6.0,6.0,12.0,2024-08-16,11415,105,PR1,2425
   3955,17319,07/26,4.0,4.0,5.6,4.65,241,0,C  14,6.0,6.0,0.0,2024-08-16,11415,105,PR1,2425
   3986,KP1568108,04/26,7.0,7.0,26.38,7.0,242,0,C  14,6.0,6.0,0.0,2024-08-16,11415,105,PR1,2425
   6352,24159,02/27,25.0,25.0,94.1,32.98,243,0,C  14,6.0,6.0,12.0,2024-08-16,11415,105,PR1,2425
   6353,24156,04/27,6.6,6.6,10.84,8.25,244,0,C  14,6.0,6.0,12.0,2024-08-16,11415,105,PR1,2425
   1913,ELH7AC4012,08/26,140.0,140.0,705.47,175.0,245,0,C  14,2.5,2.5,0.0,2024-08-16,11415,105,PR1,2425
   6313,24112,02/26,12.2,12.2,32.1,15.0,246,0,C  14,6.0,6.0,0.0,2024-08-16,11415,105,PR1,2425
   4722,IADNA2304A,11/25,120.0,120.0,207.96,147.25,247,0,C  14,6.0,6.0,0.0,2024-08-16,11415,105,PR1,2425
   4740,IDPHA1404,03/26,11.0,11.0,24.99,15.0,248,0,C  14,2.5,2.5,0.0,2024-08-16,11415,105,PR1,2425
   3976,KP247293,02/26,12.09,12.09,45.16,14.0,249,0,C  14,6.0,6.0,0.0,2024-08-16,11415,105,PR1,2425
   6347,24193,05/27,17.0,17.0,28.25,18.0,250,0,C  14,6.0,6.0,12.0,2024-08-16,11415,105,PR1,2425
   1972,E16JQ23016,11/26,1650.0,1650.0,3863.32,1860.75,251,0,C  17,6.0,6.0,0.0,2024-08-16,CR/1555,106,PR1,2425
   6354,24GA10B,12/25,16.48,16.48,47.0,24.0,252,0,C  17,2.5,2.5,5.0,2024-08-16,CR/1555,106,PR1,2425
   3828,702893,08/25,1450.0,1450.0,8360.0,1474.0,254,0,C   2,6.0,6.0,0.0,2024-08-18,NCC/34810,108,PR1,2425
   2894,4480186,05/27,140.0,140.0,1299.17,187.5,255,0,C   6,6.0,6.0,0.0,2024-08-20,PCM/6501,109,PR1,2425
   2333,7A240003,02/26,105.0,105.0,1720.0,133.5,256,0,C   2,6.0,6.0,12.0,2024-08-20,NCC/36087,110,PR1,2425
   2989,11030090,05/26,330.0,330.0,2205.4,380.0,257,0,C   2,6.0,6.0,12.0,2024-08-20,NCC/36087,110,PR1,2425
   3478,RAL-060,02/26,4900.0,4900.0,8680.0,5349.0,258,0,C   2,2.5,2.5,5.0,2024-08-22,NCC/36139,111,PR1,2425
   6289,ELF8AV4002,08/26,74.32,66.89,104.05,74.32,260,0,C   4,6.0,6.0,0.0,2024-08-22,C/C2969,112,PR1,2425
   6356,014F059,11/25,78.24,78.24,109.53,78.74,261,0,C  13,6.0,6.0,12.0,2024-08-22,C/C57389,113,PR1,2425
    815,B14224004,04/27,570.0,570.0,2538.58,600.0,262,0,C   6,2.5,2.5,0.0,2024-08-23,PCM/6597,114,PR1,2425
   6344,PO240034A,12/25,3580.0,3580.0,7592.2,4100.0,263,0,C   6,6.0,6.0,12.0,2024-08-23,PCM/6616,115,PR1,2425
   6357,L483004,04/25,21.5,21.5,113.74,27.0,264,0,C   1,2.5,2.5,5.0,2024-08-27,CH/2375,116,PR1,2425
   6358,0113N131B,06/26,405.0,405.0,660.0,443.0,265,0,C   6,2.5,2.5,5.0,2024-08-28,PCM/6174,117,PR1,2425
   2989,11030090,05/26,330.0,330.0,2205.4,370.0,266,0,C   2,6.0,6.0,12.0,2024-08-29,NCC/37450,118,PR1,2425
   6220,B300405,06/25,180.0,180.0,1677.0,200.0,267,0,C   2,6.0,6.0,0.0,2024-08-29,NCC/37450,118,PR1,2425
    924,B10924015,03/26,230.0,230.0,438.33,270.0,268,0,C   2,2.5,2.5,0.0,2024-08-29,NCC/36408,119,PR1,2425
   6359,ZIJ0692,11/25,20.0,20.0,62.2,28.0,269,0,C   1,6.0,6.0,12.0,2024-08-29,CH/2425,120,PR1,2425
   6360,MCOT-07,03/26,20.5,20.5,47.0,25.0,270,0,C   1,6.0,6.0,12.0,2024-08-29,CH/2425,120,PR1,2425
   6256,MA23180,02/25,6.5,6.5,35.0,7.5,271,0,C   1,6.0,6.0,0.0,2024-08-29,CH/2425,120,PR1,2425
   6260,PT24NS0428C,07/27,17.5,17.5,39.03,18.45,273,0,C   1,6.0,6.0,0.0,2024-08-29,CH/2425,120,PR1,2425
   6259,PT24NS0219A,07/26,9.5,9.5,22.03,12.0,274,0,C   1,6.0,6.0,0.0,2024-08-29,CH/2425,120,PR1,2425
   6362,BTH-24E305,05/27,11.5,11.5,185.0,12.0,275,0,C   1,6.0,6.0,12.0,2024-08-29,CH/2425,120,PR1,2425
   6259,PT24NS0219A,07/26,10.5,10.5,22.03,12.0,277,0,C   3,6.0,6.0,0.0,2024-08-29,DEL`,122,PR1,2425
   6344,PO240034A,12/25,3580.0,3580.0,7592.2,4200.0,278,0,C   6,6.0,6.0,12.0,2024-08-30,PCM/6831,123,PR1,2425
   6363,4IB0533,04/26,126.41,126.41,176.98,126.5,279,0,C   4,6.0,6.0,12.0,2024-08-30,C/C3141,124,PR1,2425
   6364,4SA0779,02/26,334.05,334.05,467.67,334.5,280,0,C   4,6.0,6.0,12.0,2024-08-30,C/C3141,124,PR1,2425
   6365,TMF24074,07/25,137.77,137.77,192.88,138.0,281,0,C   4,6.0,6.0,12.0,2024-08-30,C/C3141,124,PR1,2425
   6366,RBIA24002,01/27,138.76,138.76,194.27,139.0,282,0,C   4,6.0,6.0,12.0,2024-08-30,C/C3141,124,PR1,2425
   6367,4SN1047,03/26,215.1,215.1,301.14,215.1,283,0,C   4,6.0,6.0,12.0,2024-08-30,C/C3141,124,PR1,2425
   6368,4A40221,08/26,18.96,18.01,26.55,18.96,284,0,C   4,6.0,6.0,12.0,2024-08-30,C/C3141,124,PR1,2425
   6369,M620704,08/25,21.43,17.86,30.0,21.43,285,0,C   4,6.0,6.0,12.0,2024-08-30,C/C3141,124,PR1,2425
   6370,MND0076,01/26,367.36,367.36,514.31,367.36,286,0,C   4,6.0,6.0,12.0,2024-08-30,C/C3141,124,PR1,2425
   6371,AFB23U61,07/25,101.78,101.78,142.5,101.78,287,0,C   4,6.0,6.0,12.0,2024-08-30,C/C3141,124,PR1,2425
   6372,S0164006,09/25,124.82,114.42,174.74,124.82,288,0,C   4,6.0,6.0,12.0,2024-08-30,C/C3141,124,PR1,2425
   6373,124D054,09/25,146.33,135.07,204.85,146.33,289,0,C   4,6.0,6.0,12.0,2024-08-30,C/C3141,124,PR1,2425
   6374,EA2469,01/26,10.68,9.61,14.95,10.86,290,0,C   4,6.0,6.0,12.0,2024-08-30,C/C3141,124,PR1,2425
   6375,4HX24,07/25,243.48,243.48,340.87,243.48,291,0,C   4,6.0,6.0,12.0,2024-08-30,C/C3141,124,PR1,2425
   6376,SL5P,07/25,81.16,81.16,113.62,81.16,292,0,C   4,6.0,6.0,12.0,2024-08-30,C/C3141,124,PR1,2425
   6377,23400376,11/26,70.54,60.46,98.75,70.54,293,0,C   4,6.0,6.0,12.0,2024-08-30,C/C3141,124,PR1,2425
   6378,UA01057,03/26,149.14,136.71,208.8,149.14,294,0,C   4,6.0,6.0,12.0,2024-08-30,C/C3141,124,PR1,2425
   6379,B0AGX022,04/26,29.29,29.29,41.0,29.29,295,0,C   4,6.0,6.0,12.0,2024-08-30,C/C3141,124,PR1,2425
   6380,B6AEX103,02/26,137.02,106.57,191.83,137.02,296,0,C   4,6.0,6.0,12.0,2024-08-30,C/C3141,124,PR1,2425
   6381,E31357,09/25,167.86,151.07,235.0,167.86,297,0,C   4,6.0,6.0,12.0,2024-08-30,C/C3141,124,PR1,2425
   6382,E40990,06/28,135.0,121.5,189.0,135.0,298,0,C   4,6.0,6.0,12.0,2024-08-30,C/C3141,124,PR1,2425
   6383,AF2415,04/27,42.86,35.72,60.0,42.86,299,0,C   4,6.0,6.0,12.0,2024-08-30,C/C3141,124,PR1,2425
   6384,3181C84601,05/26,63.22,59.01,88.5,63.22,300,0,C   4,6.0,6.0,12.0,2024-08-30,C/C3141,124,PR1,2425
   6385,064T2308,08/25,135.71,135.71,190.0,135.71,301,0,C   4,6.0,6.0,12.0,2024-08-30,C/C3141,124,PR1,2425
   6386,23400342,09/26,69.64,69.64,97.5,69.64,302,0,C   4,6.0,6.0,12.0,2024-08-30,C/C3141,124,PR1,2425
   6387,3364C84601,11/26,77.86,71.37,109.01,77.86,303,0,C   4,6.0,6.0,12.0,2024-08-30,C/C3141,124,PR1,2425
   6388,CA21931,05/26,20.0,20.0,28.0,20.0,304,0,C   4,6.0,6.0,12.0,2024-08-30,C/C3141,124,PR1,2425
   6389,3CD0704,02/26,36.43,36.43,51.0,36.43,305,0,C   4,6.0,6.0,12.0,2024-08-30,C/C3141,124,PR1,2425
   6390,28025445,06/27,12.32,12.32,17.25,12.32,306,0,C   4,6.0,6.0,12.0,2024-08-30,C/C3141,124,PR1,2425
   5546,26010080,05/27,14.57,14.57,20.4,14.57,307,0,C   4,3.0,3.0,0.0,2024-08-30,C/C3141,124,PR1,2425
   6391,DPK24B01,01/26,64.7,53.92,90.58,64.7,308,0,C   4,6.0,6.0,12.0,2024-08-30,C/C3141,124,PR1,2425
   6392,DPTC23N09,11/25,41.64,34.7,58.3,41.64,309,0,C   4,6.0,6.0,12.0,2024-08-30,C/C3141,124,PR1,2425
   6394,GE0334,10/25,132.14,132.14,185.0,132.14,311,0,C   4,6.0,6.0,12.0,2024-08-30,C/C3141,124,PR1,2425
   6395,4188,04/27,117.5,117.5,164.5,117.5,312,0,C   4,6.0,6.0,12.0,2024-08-30,C/C3141,124,PR1,2425
   6393,PA0524,06/25,217.14,217.14,304.0,217.14,313,0,C   4,6.0,6.0,12.0,2024-08-30,C/C3141,124,PR1,2425
   6396,DOBS3630,03/28,24.11,20.09,33.76,24.11,314,0,C   4,6.0,6.0,12.0,2024-08-30,C/C 3142,125,PR1,2425
   6397,014E017,10/25,229.43,206.49,321.2,229.43,315,0,C  13,6.0,6.0,12.0,2024-08-30,C/C58355,126,PR1,2425
   6398,AI0622418,09/25,160.54,160.54,224.75,160.54,316,0,C  13,6.0,6.0,12.0,2024-08-30,C/C58355,126,PR1,2425
   6399,124E002,10/25,472.46,472.46,661.45,475.46,317,0,C  13,6.0,6.0,12.0,2024-08-30,C/C58355,126,PR1,2425
   6400,24AJ0023,11/25,231.43,231.43,324.0,231.43,318,0,C  13,6.0,6.0,12.0,2024-08-30,C/C58355,126,PR1,2425
   6383,AF2417,04/27,42.86,35.72,60.0,42.86,319,0,C  13,6.0,6.0,12.0,2024-08-30,C/C58355,126,PR1,2425
   6401,OLV2L229,03/36,103.07,103.07,144.3,103.07,320,0,C  13,6.0,6.0,12.0,2024-08-30,C/C58355,126,PR1,2425
   6402,8LV3L007,01/26,103.14,103.14,144.4,103.14,321,0,C  13,6.0,6.0,12.0,2024-08-30,C/C58355,126,PR1,2425
   6403,2KU6L015,01/27,340.0,340.0,476.0,340.0,322,0,C  13,6.0,6.0,12.0,2024-08-30,C/C58355,126,PR1,2425
   6404,2419152E,03/26,109.28,95.62,153.0,109.28,323,0,C  13,6.0,6.0,12.0,2024-08-30,C/C58355,126,PR1,2425
   6358,0113N131B,06/26,405.0,405.0,660.0,443.0,324,0,C   6,2.5,2.5,5.0,2024-08-31,PCM/6882,127,PR1,2425
   1770,G230083,08/25,330.0,330.0,699.0,345.0,325,0,C   6,6.0,6.0,0.0,2024-08-31,PCM/6882,127,PR1,2425
   2989,11030090,05/26,330.0,330.0,2205.4,370.0,327,0,C   2,6.0,6.0,12.0,2024-09-02,NCC/38802,129,PR1,2425
   1892,062427F19,04/26,120.54,120.54,1163.0,138.0,328,0,C  18,6.0,6.0,12.0,2024-09-04,CCB13164,130,PR1,2425
   6406,ALA2303GM,06/25,875.0,875.0,5130.0,1200.0,329,0,C  17,6.0,6.0,12.0,2024-09-04,CR/1817,131,PR1,2425
   6407,ALA2305GMA,06/25,375.0,375.0,1395.0,500.0,330,0,C  17,6.0,6.0,12.0,2024-09-04,CR/1817,131,PR1,2425
   2810,24020088,12/25,3480.0,3480.0,12400.0,4400.0,332,0,C   6,2.5,2.5,0.0,2024-09-04,PCM/7031,133,PR1,2425
   2812,24030089,10/25,7500.0,7500.0,51810.0,7765.0,333,0,C   6,2.5,2.5,0.0,2024-09-04,PCM/7031,133,PR1,2425
   2812,24030093,03/26,7500.0,7500.0,51810.0,7765.0,334,0,C   6,2.5,2.5,0.0,2024-09-04,PCM/7031,133,PR1,2425
   6199,V400121,05/27,7200.0,7200.0,40754.2,8214.28,335,0,C   2,6.0,6.0,0.0,2024-09-04,NCC/38917,134,PR1,2425
    924,B10924015,03/26,230.0,230.0,438.33,270.0,336,0,C   2,2.5,2.5,0.0,2024-09-04,NCC/38917,134,PR1,2425
   3088,ICRB240303,02/26,1300.0,1300.0,2654.5,1428.58,337,0,C   2,6.0,6.0,0.0,2024-09-04,NCC/39523,135,PR1,2425
   6198,B400324,02/27,3500.0,3500.0,9995.0,3700.0,338,0,C   2,6.0,6.0,0.0,2024-09-04,NCC/39523,135,PR1,2425
   2639,HHBL2404CP,01/26,530.0,530.0,992.0,535.0,340,0,C   2,6.0,6.0,0.0,2024-09-04,NCC/39523,135,PR1,2425
   6220,V400107,01/26,180.0,180.0,1677.0,200.0,341,0,C   2,6.0,6.0,0.0,2024-09-04,NCC/39523,135,PR1,2425
   5840,V029114,05/26,19.0,19.0,67.25,22.32,343,0,C  14,6.0,6.0,0.0,2024-09-04,C/C13061,137,PR1,2425
   6409,EPB6BU4009,05/26,10.0,10.0,56.5,16.0,344,0,C  14,6.0,6.0,12.0,2024-09-04,C/C13061,137,PR1,2425
   6410,CPN054001,01/26,20.0,20.0,55.55,22.0,345,0,C  14,2.5,2.5,5.0,2024-09-04,C/C13061,137,PR1,2425
   6411,CPN064002,03/26,24.0,24.0,113.73,28.0,346,0,C  14,2.5,2.5,5.0,2024-09-04,C/C13061,137,PR1,2425
   3941,SU1478306,05/25,21.2,21.2,35.27,24.0,347,0,C  14,6.0,6.0,12.0,2024-09-04,C/C13061,137,PR1,2425
   6412,KM238056,04/27,42.5,42.5,58.2,45.0,348,0,C  14,6.0,6.0,12.0,2024-09-04,C/C13061,137,PR1,2425
   6413,NP4067C,01/26,40.0,40.0,72.0,44.0,349,0,C  14,6.0,6.0,12.0,2024-09-04,C/C13061,137,PR1,2425
   6414,0324004,12/26,9.44,9.44,12.59,10.44,350,0,C  14,6.0,6.0,12.0,2024-09-04,C/C13061,137,PR1,2425
   6359,ZIJ0692,11/25,20.0,20.0,62.2,28.0,351,0,C   1,6.0,6.0,12.0,2024-09-04,CH/2489,138,PR1,2425
   2358,BO240103A,02/26,4300.0,4300.0,7999.0,4464.29,352,0,C   2,6.0,6.0,0.0,2024-09-04,NCC/39751,139,PR1,2425
   6415,VP24034,04/27,33.94,30.21,46.92,33.94,353,0,C  11,6.0,6.0,12.0,2024-09-05,AM/18292/24*25,140,PR1,2425
   6416,E2401499,04/27,115.18,103.66,161.25,115.18,354,0,C  11,6.0,6.0,12.0,2024-09-05,AM/18292/24*25,140,PR1,2425
   6417,E16CK24003,05/27,165.46,129.56,231.65,165.46,355,0,C  11,6.0,6.0,12.0,2024-09-05,AM/18292/24*25,140,PR1,2425
   6418,VX24056,05/27,87.15,77.56,117.13,87.15,356,0,C  11,6.0,6.0,12.0,2024-09-05,AM/18292/24*25,140,PR1,2425
   6419,24441753,10/26,121.43,109.29,170.0,121.43,357,0,C  11,6.0,6.0,12.0,2024-09-05,AM/18292/24*25,140,PR1,2425
   6420,24441446,03/26,165.0,148.5,231.0,165.0,358,0,C  11,6.0,6.0,12.0,2024-09-05,AM/18292/24*25,140,PR1,2425
   6421,13240271A,05/27,107.14,96.43,150.0,107.14,359,0,C  11,6.0,6.0,12.0,2024-09-05,AM/18292/24*25,140,PR1,2425
   1556,4T00070,02/26,19.04,14.24,26.65,19.04,360,0,C  11,6.0,6.0,0.0,2024-09-05,AM/18292/24*25,140,PR1,2425
   6422,AFB24187,12/25,264.35,229.98,370.08,264.35,361,0,C  11,6.0,6.0,12.0,2024-09-05,AM/18292/24*25,140,PR1,2425
   6423,2GT24307A,04/27,77.69,54.69,108.75,77.69,362,0,C  11,6.0,6.0,12.0,2024-09-05,AM/18292/24*25,140,PR1,2425
   6424,2GT23520B,10/26,36.78,26.97,51.5,36.78,363,0,C  11,6.0,6.0,12.0,2024-09-05,AM/18292/24*25,140,PR1,2425
   6425,014E059,04/26,144.29,144.29,202.0,144.29,364,0,C  13,6.0,6.0,12.0,2024-09-05,C/C 59007,141,PR1,2425
   6426,4CH382,12/26,41.83,41.83,55.77,41.83,365,0,C  13,6.0,6.0,12.0,2024-09-05,C/C 59007,141,PR1,2425
   6427,4CH389A,12/26,139.44,139.44,185.92,139.44,366,0,C  13,6.0,6.0,12.0,2024-09-05,C/C 59007,141,PR1,2425
   6428,CRM083003B,05/25,55.87,55.87,78.22,55.87,367,0,C  13,6.0,6.0,12.0,2024-09-05,C/C 59007,141,PR1,2425
   6429,24070322,04/26,107.14,97.4,150.0,107.14,368,0,C  13,6.0,6.0,12.0,2024-09-05,C/C 59007,141,PR1,2425
   6430,CE026,08/25,117.99,117.99,165.19,117.99,369,0,C  13,6.0,6.0,12.0,2024-09-05,C/C 59007,141,PR1,2425
   6431,EMV232121,11/26,22.5,22.5,31.5,22.5,370,0,C   8,6.0,6.0,12.0,2024-09-05,2425CCB6808,142,PR1,2425
   6432,FGA24009,04/27,9.81,9.81,13.74,9.81,371,0,C   8,6.0,6.0,12.0,2024-09-05,2425CCB6808,142,PR1,2425
   6433,24441070,09/25,49.2,41.0,68.88,49.2,372,0,C   8,6.0,6.0,12.0,2024-09-05,2425CCB6808,142,PR1,2425
   6434,24440212,06/25,156.07,156.07,218.5,156.07,373,0,C   8,6.0,6.0,12.0,2024-09-05,2425CCB6808,142,PR1,2425
   6435,24441711,10/25,146.38,146.38,204.93,146.38,374,0,C   8,6.0,6.0,12.0,2024-09-05,2425CCB6808,142,PR1,2425
   6436,2420115E,03/27,173.62,173.62,243.07,173.62,375,0,C   8,6.0,6.0,12.0,2024-09-05,2425CCB6808,142,PR1,2425
   6437,DE4C007,05/25,97.86,88.96,137.0,97.86,376,0,C   4,6.0,6.0,12.0,2024-09-04,C/C3300,143,PR1,2425
   6438,DGH24015,03/26,120.26,108.23,168.36,120.26,377,0,C   4,6.0,6.0,12.0,2024-09-04,C/C3300,143,PR1,2425
   6439,L831358,11/26,5.55,5.55,7.77,5.55,378,0,C   4,6.0,6.0,12.0,2024-09-04,C/C3300,143,PR1,2425
   6440,DX2463,02/26,75.0,60.0,105.0,75.0,379,0,C   7,6.0,6.0,12.0,2024-09-05,155863,144,PR1,2425
   6441,BM224013,03/28,14.11,14.11,18.33,14.11,380,0,C   7,6.0,6.0,12.0,2024-09-05,155863,144,PR1,2425
   6442,BM824134,05/28,26.2,26.2,34.04,26.2,381,0,C   7,6.0,6.0,12.0,2024-09-05,155863,144,PR1,2425
   6443,T400470,02/27,45.96,40.85,64.35,45.96,382,0,C   7,6.0,6.0,12.0,2024-09-05,155863,144,PR1,2425
   6392,DPTC23N09,11/25,41.64,34.7,58.3,41.64,383,0,C   7,6.0,6.0,12.0,2024-09-05,155863,144,PR1,2425
   6391,DPK24B01,01/26,64.7,53.92,90.58,64.7,384,0,C   7,6.0,6.0,12.0,2024-09-05,155863,144,PR1,2425
   6444,CB100,05/25,102.63,102.63,143.69,102.63,385,0,C   7,6.0,6.0,12.0,2024-09-05,155852,145,PR1,2425
   6445,CB080,07/25,61.46,61.46,86.05,61.46,386,0,C   7,6.0,6.0,12.0,2024-09-05,155852,145,PR1,2425
   6446,N24CP007,09/25,69.29,63.52,97.0,69.29,387,0,C   7,6.0,6.0,12.0,2024-09-05,155852,145,PR1,2425
   6447,SZA0027,03/25,149.29,149.29,209.0,149.29,388,0,C   7,6.0,6.0,12.0,2024-09-05,155852,145,PR1,2425
   6448,FM9109,05/26,4.78,4.78,6.7,5.0,389,0,C   1,6.0,6.0,0.0,2024-09-06,CH/2542,146,PR1,2425
   6357,L483004,04/25,21.5,21.5,113.74,27.0,390,0,C   1,2.5,2.5,5.0,2024-09-06,CH/2542,146,PR1,2425
   3986,KP1568095,03/26,7.0,7.0,26.38,8.56,392,0,C   1,6.0,6.0,0.0,2024-09-06,CH/2542,146,PR1,2425
   6272,PET2345,10/25,13.5,13.5,43.92,22.0,393,0,C   1,6.0,6.0,0.0,2024-09-06,CH/2542,146,PR1,2425
   3950,V30815,01/26,35.5,35.5,66.25,36.5,394,0,C   1,6.0,6.0,0.0,2024-09-06,CH/2544,147,PR1,2425
   6344,PO240034A,12/25,3580.0,3580.0,7592.2,4200.0,395,0,C   6,6.0,6.0,12.0,2024-09-06,PCM/7118,148,PR1,2425
    313,ABK0047,01/26,30.0,30.0,688.0,80.0,396,0,C   2,6.0,6.0,0.0,2024-09-06,NCC/40188,149,PR1,2425
   6409,EPB6BU4007,05/26,10.0,10.0,56.5,16.0,400,0,C  14,6.0,6.0,12.0,2024-09-06,C/C 13403,153,PR1,2425
   6334,091527,01/26,10.1,9.8,19.94,10.5,401,0,C   1,6.0,6.0,0.0,2024-09-06,CH/2557,154,PR1,2425
   6451,110,04/26,34.1,34.1,75.0,39.0,402,0,C   1,6.0,6.0,12.0,2024-09-06,CH/2557,154,PR1,2425
   6452,663173D7,05/26,147.6,147.6,193.72,147.8,403,0,C   4,2.5,2.5,5.0,2024-09-06,C/C 3347,155,PR1,2425
   6453,GE254042,04/27,4.15,4.15,5.98,4.2,404,0,C  14,6.0,6.0,12.0,2024-09-06,C/C 13448,156,PR1,2425
   6454,AHK0034,01/27,10.1,10.1,14.74,11.1,405,0,C  14,6.0,6.0,12.0,2024-09-06,C/C 13448,156,PR1,2425
   6318,PIGAM179,03/26,20.53,20.53,28.74,23.0,406,0,C  14,6.0,6.0,0.0,2024-09-06,C/C 13448,156,PR1,2425
   3904,SM107207,12/26,67.5,65.48,98.5,67.5,407,0,C   1,6.0,6.0,0.0,2024-09-06,CH/2564,157,PR1,2425
   3904,SM107204,12/26,67.5,65.48,98.5,67.5,408,0,C   1,6.0,6.0,0.0,2024-09-06,CH/2564,157,PR1,2425
   6455,39223,06/25,12.5,12.13,16.7,12.5,409,0,C   1,6.0,6.0,12.0,2024-09-06,CH/2564,157,PR1,2425
   1740,N240217A,06/27,780.0,780.0,3321.25,820.0,411,0,C   2,6.0,6.0,0.0,2024-09-08,NCC/40714,158,PR1,2425
   4497,FGS1A24003,02/27,170.0,170.0,1299.1,178.0,412,0,C   2,6.0,6.0,0.0,2024-09-08,NCC/40714,158,PR1,2425
   1556,4T00070,02/26,19.04,16.18,26.65,19.04,413,0,C   4,6.0,6.0,0.0,2024-09-10,C/C 3385,159,PR1,2425
   1570,4SN0678,03/26,17.81,16.47,24.94,18.0,414,0,C   4,6.0,6.0,0.0,2024-09-10,C/C 3385,159,PR1,2425
   6456,AQK0051,04/26,22.0,22.0,47.01,29.0,415,0,C   6,6.0,6.0,12.0,2024-09-10,PCM/7257,160,PR1,2425
   6457,DD40210,03/26,33.0,33.0,448.0,80.0,416,0,C   6,6.0,6.0,12.0,2024-09-10,PCM/7257,160,PR1,2425
   6458,D1012379A,07/25,11.0,11.0,56.5,30.0,417,0,C   6,6.0,6.0,12.0,2024-09-10,PCM/7257,160,PR1,2425
   6459,PT24MT0033A,05/26,10.5,10.5,23.52,15.0,418,0,C   1,6.0,6.0,12.0,2024-09-10,CH/2602,161,PR1,2425
   6259,PT24NS0219A,07/26,10.5,10.5,22.03,12.0,419,0,C   1,6.0,6.0,0.0,2024-09-10,CH/2602,161,PR1,2425
   6448,FM9109,05/26,4.78,4.78,6.7,5.0,420,0,C   1,6.0,6.0,0.0,2024-09-10,CH/2602,161,PR1,2425
   2854,S2400092,04/26,1400.0,1400.0,3527.0,1490.0,421,0,C  17,2.5,2.5,0.0,2024-09-10,CR/1911,162,PR1,2425
   6460,V307235,03/27,245.0,237.65,345.0,245.0,422,0,C  13,6.0,6.0,12.0,2024-09-10,CH/2615,163,PR1,2425
   6359,ZIJ0692,11/25,20.0,20.0,62.2,28.0,423,0,C   1,6.0,6.0,12.0,2024-09-10,CH/2618,164,PR1,2425
   6357,L483004,04/25,21.5,21.5,113.74,27.0,424,0,C   1,2.5,2.5,5.0,2024-09-10,CH/2618,164,PR1,2425
   6461,A23AM365,10/25,4.0,4.0,7.23,5.0,425,0,C  17,6.0,6.0,12.0,2024-09-10,CR/1911,162,PR1,2425
    313,ABK0198,06/26,30.0,30.0,688.0,55.0,426,0,C   2,6.0,6.0,0.0,2024-09-11,NCC/41216,165,PR1,2425
   5203,HAF0495A,03/26,3600.0,3600.0,7117.0,3800.0,427,0,C   2,6.0,6.0,0.0,2024-09-11,NCC/41216,165,PR1,2425
    313,ABK0047,01/26,30.0,30.0,688.0,55.0,428,0,C   2,6.0,6.0,0.0,2024-09-11,NCC/41216,165,PR1,2425
   6462,B23D076N,03/27,20.5,20.5,39.04,23.5,429,0,C   3,6.0,6.0,12.0,2024-09-11,CC/763,166,PR1,2425
   6463,B23E021N,04/27,24.5,24.5,63.27,27.5,430,0,C   3,6.0,6.0,12.0,2024-09-11,CC/763,166,PR1,2425
   2383,05240518,02/26,210.0,210.0,1200.0,225.0,447,0,C   6,6.0,6.0,0.0,2024-09-18,PCM/7576,171,PR1,2425
   6479,I24PS02A1,01/26,50.0,50.0,197.0,50.0,448,0,C   6,6.0,6.0,0.0,2024-09-18,PCM/7576,171,PR1,2425
   2701,AT23479A,08/26,170.0,170.0,1262.0,180.0,449,0,C   6,6.0,6.0,0.0,2024-09-18,PCM/7579,172,PR1,2425
   1770,G230083,08/25,330.0,330.0,699.0,345.0,450,0,C   6,6.0,6.0,0.0,2024-09-18,PCM/7579,172,PR1,2425
   2037,87240034BB,12/25,780.0,780.0,5842.0,857.14,451,0,C   6,2.5,2.5,0.0,2024-09-18,PCM/7579,172,PR1,2425
   1770,G230083,08/25,330.0,330.0,699.0,345.0,452,0,C   5,6.0,6.0,0.0,2024-09-18,CC/35853,173,PR1,2425
   2358,BO240103A,02/26,4300.0,4300.0,7999.0,4464.29,453,0,C   2,6.0,6.0,0.0,2024-09-18,NCC/41694,174,PR1,2425
   1929,M10122403C,12/25,3300.0,3300.0,10848.0,3800.0,454,0,C   2,6.0,6.0,0.0,2024-09-18,NCC/41694,174,PR1,2425
   6481,AS9107,03/26,2.6,2.6,5.1,3.5,456,0,C   1,6.0,6.0,12.0,2024-09-18,CH/2665,176,PR1,2425
   6482,D0512306A,05/25,65.0,65.0,254.0,97.0,457,0,C  17,6.0,6.0,12.0,2024-09-18,CR/1969,177,PR1,2425
   6482,D0512306A,05/25,65.0,65.0,254.0,97.0,458,0,C  17,6.0,6.0,12.0,2024-09-18,CR/2021,178,PR1,2425
   6485,82TA111608,12/26,23.65,23.65,42.77,26.0,461,0,C  23,6.0,6.0,12.0,2024-09-18,CCB03478,180,PR1,2425
   6486,82SM404113,11/26,12.1,12.1,22.02,15.0,462,0,C  23,6.0,6.0,12.0,2024-09-18,CCB03478,180,PR1,2425
   6487,G23L020871,11/28,48.4,48.4,280.0,58.0,463,0,C  23,6.0,6.0,12.0,2024-09-18,CCB03478,180,PR1,2425
   6488,SLOT3002,03/25,177.14,177.14,248.0,195.0,464,0,C  21,6.0,6.0,12.0,2024-09-18,CCB8291,181,PR1,2425
   6489,T-2404144,09/25,210.72,210.72,295.0,255.0,465,0,C  21,6.0,6.0,12.0,2024-09-18,CCB8291,181,PR1,2425
   2582,AB240011A,12/25,950.0,950.0,3527.0,1080.0,467,0,C   2,2.5,2.5,0.0,2024-09-18,NCC/43142,183,PR1,2425
   2810,24020099,12/26,3480.0,3480.0,13516.0,4400.0,468,0,C   5,2.5,2.5,0.0,2024-09-18,CC/34221,184,PR1,2425
   6490,88E24002A,03/26,465.8,465.8,710.98,490.0,469,0,C  24,2.5,2.5,5.0,2024-09-21,CR/16260,185,PR1,2425
   6491,JBJM2348,11/25,5.04,5.04,29.7,12.0,470,0,C   1,6.0,6.0,12.0,2024-09-23,CH/2856,186,PR1,2425
    313,ABK0047,01/26,30.0,30.0,688.0,45.0,473,0,C   2,6.0,6.0,0.0,2024-09-23,NCC/44548,187,PR1,2425
   6492,4L60134,05/27,5.8,5.8,13.35,8.0,475,0,C   1,6.0,6.0,12.0,2024-09-23,CH/2865,189,PR1,2425
   2671,HH2306255,05/25,890.0,890.0,1943.0,982.14,477,0,C  17,6.0,6.0,0.0,2024-09-24,CR/2103,191,PR1,2425
   6358,0113N131B,06/26,405.0,405.0,660.0,443.0,478,0,C   6,2.5,2.5,5.0,2024-09-24,PCM/7827,192,PR1,2425
   6358,0133N132B,06/26,405.0,405.0,660.0,443.0,479,0,C   6,2.5,2.5,5.0,2024-09-24,PCM/7827,192,PR1,2425
   3635,4RE05054A,04/26,550.0,550.0,2800.0,567.59,480,0,C  18,6.0,6.0,0.0,2024-09-25,CCB14767,193,PR1,2425
   3635,4RE05054A,04/26,550.0,550.0,2800.0,567.59,481,0,C  18,6.0,6.0,0.0,2024-09-25,CCB14818,194,PR1,2425
    313,ABK0145,05/26,30.0,30.0,688.31,45.0,482,0,C   2,6.0,6.0,0.0,2024-09-25,NCC/45363,195,PR1,2425
    313,ABJ0268,01/26,30.0,30.0,688.0,45.0,483,0,C   2,6.0,6.0,0.0,2024-09-25,NCC/45363,195,PR1,2425
   3732,1903699,12/26,300.0,300.0,855.0,325.0,485,0,C   2,6.0,6.0,0.0,2024-09-25,NCC/45363,195,PR1,2425
   6493,DOO42321Q,10/25,285.0,285.0,3850.0,560.0,486,0,C  17,6.0,6.0,12.0,2024-09-25,CR/2040,196,PR1,2425
    613,LB0787170,11/25,5200.0,5200.0,7667.0,5702.52,487,0,C   6,2.5,2.5,0.0,2024-09-26,SSP/221,197,PR1,2425
   6494,0424027,02/27,4.5,4.5,6.16,5.0,488,0,C  14,6.0,6.0,12.0,2024-09-27,C/C 15174,198,PR1,2425
   4092,BBZL2404ZA,02/26,890.0,890.0,3236.0,1030.0,489,0,C   6,6.0,6.0,0.0,2024-09-27,PCM/7971,199,PR1,2425
   3611,NN1498C,11/24,300.0,300.0,2547.5,480.0,490,0,C   6,6.0,6.0,0.0,2024-09-27,PCM/7973,200,PR1,2425
   6495,82TH575303,07/26,333.33,333.33,699.0,395.0,491,0,C   6,2.5,2.5,5.0,2024-09-27,PCM/7963,201,PR1,2425
   6497,1330031,10/25,59.0,59.0,79.3,60.0,492,0,C   6,6.0,6.0,12.0,2024-09-28,PCM/8019,202,PR1,2425
   6498,1331166,07/25,282.14,282.14,396.4,295.0,493,0,C   6,6.0,6.0,12.0,2024-09-28,PCM/8019,202,PR1,2425
   6499,NN1494C,11/24,280.0,280.0,997.3,318.0,494,0,C   6,6.0,6.0,12.0,2024-09-28,PCM/8019,202,PR1,2425
   5156,PCID24CA02A,03/26,230.0,230.0,1085.0,330.0,495,0,C   2,6.0,6.0,0.0,2024-09-28,NCC/46172,203,PR1,2425
   5156,PCID24CA02A,00/00,230.0,230.0,1085.0,235.0,496,0,C   2,6.0,6.0,0.0,2024-09-28,NCC/46172,203,PR1,2425
    643,DBPBD23002,01/25,850.0,850.0,9000.0,850.0,497,0,C   2,6.0,6.0,0.0,2024-09-28,NCC/46172,203,PR1,2425
   6339,120805,08/25,156.25,151.56,1015.0,157.25,499,0,C   1,2.5,2.5,0.0,2024-09-28,CH/2957,204,PR1,2425
   5155,PCID24CB04-A,03/26,500.0,500.0,3787.0,650.0,501,0,C   2,6.0,6.0,0.0,2024-09-28,NCC/46506,205,PR1,2425
   2707,GMLK23B22H,10/25,700.0,700.0,6263.25,700.0,503,0,C   2,6.0,6.0,12.0,2024-09-28,NCC/46506,205,PR1,2425
   1503,PO240220B,03/27,8500.0,8500.0,21450.0,9700.0,506,0,C   2,6.0,6.0,0.0,2024-09-28,NCC/46506,205,PR1,2425
   6500,L-2405031,04/26,38.0,38.0,321.46,39.5,507,0,C   6,6.0,6.0,12.0,2024-09-29,PCM/7615,206,PR1,2425
   6501,CPC23002,06/25,80.0,80.0,472.0,90.0,508,0,C   6,6.0,6.0,12.0,2024-09-29,PCM/7615,206,PR1,2425
   6500,L-2405031,04/26,38.0,38.0,321.46,39.5,509,0,C   6,6.0,6.0,12.0,2024-09-29,PCM/7859,207,PR1,2425
   6344,PO240034A,12/25,3580.0,3580.0,7592.2,4200.0,510,0,C   6,6.0,6.0,12.0,2024-09-29,PCM/7987,208,PR1,2425
     63,EBC100124,01/26,1250.0,1250.0,3527.0,1265.0,512,0,C   2,2.5,2.5,0.0,2024-09-29,NCC/42271,210,PR1,2425
   2384,21230009,07/25,630.0,630.0,2277.0,758.93,513,0,C   6,6.0,6.0,0.0,2024-09-29,CSP/1336,211,PR1,2425
   6479,I24PS02A1,01/26,50.0,50.0,197.0,65.0,516,0,C   6,6.0,6.0,0.0,2024-09-29,CSP/1336,211,PR1,2425
   1969,062376V40,08/25,270.0,270.0,1163.0,305.0,519,0,C   6,6.0,6.0,0.0,2024-09-29,PCM/7804,213,PR1,2425
   6504,AA,11/28,200.0,200.0,1257.0,350.0,522,0,C   1,6.0,6.0,0.0,2024-09-29,DELE002,214,PR1,2425
    457,M11032402A,02/26,3480.0,3480.0,6580.0,4400.0,523,0,C   6,6.0,6.0,0.0,2024-09-30,PCM/8055,215,PR1,2425
   6337,G401006,03/28,291.25,291.25,407.75,292.0,524,0,C   9,6.0,6.0,0.0,2024-09-30,CC/4510,216,PR1,2425
   3463,7IGA401624,06/27,6600.0,6600.0,18004.0,8600.0,526,0,C   2,2.5,2.5,0.0,2024-10-02,NCC/47340,217,PR1,2425
   1881,EM230288B,11/26,487.14,487.14,682.0,500.0,527,0,C   6,6.0,6.0,0.0,2024-10-02,PCM/8196,218,PR1,2425
   6505,AS24105,10/25,17.86,17.86,25.0,18.0,528,0,C   6,6.0,6.0,12.0,2024-10-02,PCM/8196,218,PR1,2425
   6506,A24302VP,12/25,9.5,9.5,12.65,10.0,529,0,C   6,6.0,6.0,12.0,2024-10-02,PCM/8196,218,PR1,2425
   1965,042309V15,09/25,200.0,200.0,615.49,215.0,530,0,C   6,6.0,6.0,0.0,2024-10-02,PCM/8196,218,PR1,2425
   1969,0623106V55,08/25,320.0,320.0,1163.0,325.0,531,0,C   6,6.0,6.0,0.0,2024-10-02,PCM/8196,218,PR1,2425
   6220,V40082,01/26,198.0,198.0,1677.0,206.5,532,0,C   6,6.0,6.0,0.0,2024-10-02,PCM/8196,218,PR1,2425
   2989,11030090,05/26,330.0,330.0,2205.4,370.0,533,0,C   2,6.0,6.0,12.0,2024-10-02,DELE002,219,PR1,2425
   6501,CPC23002,06/25,80.0,80.0,472.0,90.0,534,0,C   6,6.0,6.0,12.0,2024-10-02,PENDING,220,PR1,2425
   2706,GD23311A,02/25,407.14,329.1,570.0,407.14,535,0,,6.0,6.0,0.0,2024-10-09,PCM/8463,221,PR1,2425
   6508,N400132,12/27,7.07,7.07,9.9,8.0,538,0,,6.0,6.0,12.0,2024-10-10,CC/936,222,PR1,2425
   6509,23L3SR09,11/26,12.0,12.0,185.0,15.0,539,0,,6.0,6.0,12.0,2024-10-10,CC/936,222,PR1,2425
    561,BPH242188,01/27,49.9,24.95,69.87,49.9,542,0,,6.0,6.0,0.0,2024-10-10,18994,224,PR1,2425
   6510,PPC002,03/26,34.0,34.0,70.0,38.0,543,0,,6.0,6.0,12.0,2024-10-10,CA/31825,225,PR1,2425
   4596,G23K020860,10/28,172.8,172.8,1270.0,172.8,545,0,,6.0,6.0,12.0,2024-10-10,CC/39397,226,PR1,2425
   6513,L24H08015,07/26,18.99,18.99,39.04,20.0,547,0,,6.0,6.0,12.0,2024-10-10,CR/2315,227,PR1,2425
   2854,S2400092,04/26,1400.0,1400.0,3527.0,1570.0,548,0,,2.5,2.5,0.0,2024-10-11,CR/2329,228,PR1,2425
   1770,G230083,08/25,275.0,275.0,699.0,330.0,549,0,,6.0,6.0,0.0,2024-10-14,CCB16160,229,PR1,2425
   2071,87240287AB,06/26,630.0,630.0,1168.0,720.0,550,0,,6.0,6.0,0.0,2024-10-15,NCC/46516,230,PR1,2425
   6220,V40082,01/26,198.0,198.0,1677.0,206.5,551,0,,6.0,6.0,0.0,2024-10-16,PCM/8713,231,PR1,2425
    924,B10924015,03/26,238.0,238.0,438.33,270.0,552,0,,2.5,2.5,0.0,2024-10-16,PCM/8274,232,PR1,2425
   6344,PO240034A,12/25,3580.0,3580.0,7592.2,4200.0,553,0,,6.0,6.0,12.0,2024-10-16,PCM/8548,233,PR1,2425
   6501,CPC23002,06/25,80.0,80.0,472.0,90.0,555,0,,6.0,6.0,12.0,2024-10-16,PCM/8154,234,PR1,2425
   1503,PO240220B,03/27,8500.0,8500.0,21450.0,10267.0,556,0,,6.0,6.0,0.0,2024-10-16,NCC/48543,235,PR1,2425
   2991,11020248,05/26,125.0,125.0,1936.0,145.0,562,0,,6.0,6.0,0.0,2024-10-16,NCC/50739,241,PR1,2425
   1740,N240217A,06/27,780.0,780.0,3321.25,810.0,563,0,,6.0,6.0,0.0,2024-10-16,NCC/50739,241,PR1,2425
   6344,PO240034A,12/25,3480.0,3480.0,7592.2,4200.0,564,0,,6.0,6.0,12.0,2024-10-21,PCM/8940,242,PR1,2425
   1281,D-24H-20A,07/28,10.0,10.0,56.5,10.0,566,0,,6.0,6.0,0.0,2024-10-21,CH/3307,243,PR1,2425
   6491,JBJM2348,11/25,5.04,5.04,29.7,8.0,567,0,,6.0,6.0,12.0,2024-10-21,CH/3307,243,PR1,2425
   6154,B400229,03/27,1116.07,1116.07,5240.0,1116.07,569,0,,6.0,6.0,0.0,2024-10-21,NCC/52580,244,PR1,2425
   2383,05240518,02/26,185.0,185.0,1200.0,365.0,570,0,,6.0,6.0,0.0,2024-10-21,NCC/52635,245,PR1,2425
    316,AQJ0025,03/25,50.0,50.0,157.51,75.0,571,0,,6.0,6.0,0.0,2024-10-21,NCC/52635,245,PR1,2425
   6275,MT241312,02/26,141.64,141.64,198.3,141.6,573,0,,6.0,6.0,0.0,2024-10-21,CASH40045,246,PR1,2425
   6517,230300213,11/25,41.0,41.0,45.8,43.0,577,0,,6.0,6.0,12.0,2024-10-21,CR2410,247,PR1,2425
   6518,FDDTI-005,01/26,9.45,9.45,12.5,10.45,578,0,,6.0,6.0,12.0,2024-10-21,CR2410,247,PR1,2425
   1893,0624442F32,06/26,120.54,120.54,1163.0,132.5,579,0,,6.0,6.0,12.0,2024-10-22,CCB16705,248,PR1,2425
   6220,V40082,01/26,198.0,198.0,1677.0,206.5,580,0,,6.0,6.0,0.0,2024-10-22,PENDING002,249,PR1,2425
   6220,V400107,01/26,180.0,180.0,1677.0,200.0,581,0,,6.0,6.0,0.0,2024-10-23,NCC/53300,250,PR1,2425
   6220,B300405,01/26,180.0,180.0,1677.0,200.0,582,0,,6.0,6.0,0.0,2024-10-23,NCC/53300,250,PR1,2425
   6220,B300405,06/25,180.0,180.0,1677.0,200.0,583,0,,6.0,6.0,0.0,2024-10-23,NCC/53300,250,PR1,2425
    456,M11022403A,12/26,1750.0,1750.0,3290.0,1804.2,584,0,,6.0,6.0,0.0,2024-10-24,PCM/9073,251,PR1,2425
    423,M1242403,01/26,5900.0,5900.0,9990.0,7500.0,585,0,,6.0,6.0,0.0,2024-10-22,CCB16705,248,PR1,2425
   2383,05240566,03/26,210.0,210.0,1200.0,225.0,586,0,,6.0,6.0,0.0,2024-10-25,PCM/9124,252,PR1,2425
   6519,N22AM24063,07/26,103.5,91.55,128.18,103.5,587,0,,6.0,6.0,12.0,2024-10-26,CASH41624,253,PR1,2425
   6520,F25X005,03/26,133.57,133.57,187.0,133.57,588,0,,6.0,6.0,12.0,2024-10-26,CASH41624,253,PR1,2425
   6303,18230466,07/26,81.12,81.12,113.57,81.12,589,0,,6.0,6.0,0.0,2024-10-26,AM/26073/24-25,254,PR1,2425
   2383,05240566,03/26,185.0,185.0,1200.0,225.0,592,0,,6.0,6.0,0.0,2024-10-27,NCC/54382,255,PR1,2425
    456,M11022403A,12/26,1600.0,1600.0,3290.0,1804.2,593,0,,6.0,6.0,0.0,2024-10-27,NCC/54382,255,PR1,2425
   6344,PO240034A,12/25,3480.0,3480.0,7592.2,4200.0,595,0,,6.0,6.0,12.0,2024-11-02,PCM/9447,257,PR1,2425
   6501,CPC23002,06/25,80.0,80.0,472.0,90.0,596,0,,6.0,6.0,12.0,2024-11-02,PCM/9447,257,PR1,2425
   6220,V400107,06/25,180.0,180.0,1677.0,200.0,599,0,,6.0,6.0,0.0,2024-11-04,NCC/56139,259,PR1,2425
   6260,PT24NS0355,05/27,17.5,17.5,39.03,18.45,602,0,,6.0,6.0,0.0,2024-11-04,CC/1009,261,PR1,2425
   6300,432445,07/27,4.6,4.6,18.0,5.58,604,0,,6.0,6.0,0.0,2024-11-04,CC/1009,261,PR1,2425
   6522,CB100,05/25,102.63,102.63,143.69,102.63,605,0,,6.0,6.0,12.0,2024-11-05,21345,262,PR1,2425
   6523,4205C82301,12/25,44.7,40.23,62.59,44.7,606,0,,6.0,6.0,12.0,2024-11-05,AM/27109/24-25,263,PR1,2425
   6524,4SB0522,03/26,230.81,209.83,322.82,253.65,608,0,,6.0,6.0,12.0,2024-11-05,CASH43265,264,PR1,2425
   6525, GMBE27,03/26,71.39,59.49,99.94,71.39,609,0,,6.0,6.0,12.0,2024-11-05,CASH43265,264,PR1,2425
   6375,4HX24,07/25,243.48,231.31,340.87,243.48,610,0,,6.0,6.0,12.0,2024-11-05,CASH43265,264,PR1,2425
   6394,GJ0014,01/26,132.14,132.14,185.0,132.14,611,0,,6.0,6.0,12.0,2024-11-05,CASH43265,264,PR1,2425
   6526,BUB0017,12/25,110.51,110.51,163.0,110.51,612,0,,9.0,9.0,18.0,2024-11-05,CASH59084,265,PR1,2425
   6527,4SA0787,02/26,334.05,334.05,467.67,334.05,613,0,,6.0,6.0,12.0,2024-11-05,CASH59084,265,PR1,2425
   6528,LARGE,00/00,1498.0,1498.0,2995.0,1654.0,614,0,,6.0,6.0,12.0,2024-11-06,C/C11704,266,PR1,2425
   3548,X022712,03/26,2992.0,2992.0,3927.0,3123.0,615,0,,2.5,2.5,0.0,2024-11-06,PCM/9576,267,PR1,2425
   2071,87240025AA,12/25,620.0,620.0,1168.0,720.0,617,0,,6.0,6.0,0.0,2024-11-09,CCB18474,269,PR1,2425
   2812,24030093,03/26,7500.0,7500.0,51810.0,8810.0,618,0,,2.5,2.5,0.0,2024-11-11,PCM/9733,270,PR1,2425
   6267,KN23187,07/26,8.76,8.76,13.08,9.0,619,0,,2.5,2.5,0.0,2024-11-11,CC5497,271,PR1,2425
   1893,0624442F32,06/26,120.54,120.54,1163.0,132.5,620,0,,6.0,6.0,12.0,2024-11-11,CCB18530,272,PR1,2425
   6530,MA24A64,06/25,5.17,5.17,22.5,7.68,621,0,,6.0,6.0,12.0,2024-11-13,CH/3684,273,PR1,2425
   6274,GM9083,03/26,5.75,5.75,10.9,6.6,622,0,,6.0,6.0,0.0,2024-11-13,CH/3682,274,PR1,2425
   6530,MA24A64,06/25,5.17,5.17,22.5,7.68,623,0,,6.0,6.0,12.0,2024-11-13,CH/3682,274,PR1,2425
   6531,24NI0706,06/26,7.2,7.2,36.5,8.0,624,0,,6.0,6.0,12.0,2024-11-13,CC/1041,275,PR1,2425
   6532,SPC240437,02/26,81.43,81.43,114.0,81.43,625,0,,6.0,6.0,12.0,2024-11-13,CASH224697,276,PR1,2425
   6453,GE274013BM,06/27,4.27,4.27,5.98,4.3,628,0,,6.0,6.0,12.0,2024-11-16,CASH232339,279,PR1,2425
   4304,6132124D,03/29,168.0,168.0,1180.0,168.0,635,0,,6.0,6.0,0.0,2024-11-18,CC45084,286,PR1,2425
   6199,V400121,05/27,7200.0,7200.0,40754.2,7200.0,636,0,,6.0,6.0,0.0,2024-11-18,NCC/57390,287,PR1,2425
   1740,N240217A,06/27,780.3,780.3,3321.25,810.0,637,0,,6.0,6.0,0.0,2024-11-18,S/16,288,PR1,2425
   4279,L0342309,11/25,30.0,30.0,108.0,40.0,638,0,,6.0,6.0,0.0,2024-11-18,NCC/46549,289,PR1,2425
   4092,BBZL2404ZA,02/26,890.0,890.0,3236.0,1030.0,639,0,,6.0,6.0,0.0,2024-11-18,PCM/10050,290,PR1,2425
   6537,44001970,10/26,4285.71,4114.28,6000.0,4800.0,640,0,,6.0,6.0,12.0,2024-11-18,CCB18877,291,PR1,2425
   6538,87240217AA,05/26,4500.0,4500.0,11581.0,4800.0,641,0,,6.0,6.0,12.0,2024-11-18,CCB18877,291,PR1,2425
   6504,24B14V483,01/27,250.0,0.0,879.0,350.0,642,0,,6.0,6.0,0.0,2024-11-18,CCB18877,291,PR1,2425
   1740,N240224C,03/27,795.6,795.6,3321.25,798.0,644,0,,6.0,6.0,0.0,2024-11-18,S/20,292,PR1,2425
   1740,N240409B,06/27,795.6,795.6,3321.25,930.0,645,0,,6.0,6.0,0.0,2024-11-18,S/20,292,PR1,2425
   4105,BCII2420XA,05/26,250.0,250.0,396.5,254.46,650,0,,6.0,6.0,0.0,2024-11-21,NCC/60775,296,PR1,2425
   6199,V400121,05/27,7200.0,7200.0,40754.2,7200.0,651,0,,6.0,6.0,0.0,2024-11-21,NCC/60775,296,PR1,2425
   6154,B400493,07/27,1116.07,1116.07,5240.0,1116.07,652,0,,6.0,6.0,0.0,2024-11-21,NCC/60775,296,PR1,2425
   1945,E16KI24008,02/27,2120.0,2120.0,4389.0,2232.14,653,0,,6.0,6.0,0.0,2024-11-21,NCC/60775,296,PR1,2425
   6533,B23731A,01/26,650.0,650.0,1799.0,870.0,654,0,,6.0,6.0,12.0,2024-11-21,2425CCB9184,297,PR1,2425
   6497,1330031,10/25,59.0,59.0,79.3,61.0,655,0,,6.0,6.0,12.0,2024-11-22,2424CCB9201,298,PR1,2425
   6541,OGEI-026,04/26,5.25,5.25,12.87,6.8,657,0,,6.0,6.0,12.0,2024-11-22,S/71118,300,PR1,2425
   6498,1331166,07/25,285.8,285.8,396.4,287.0,658,0,,6.0,6.0,12.0,2024-11-22,2425CCB9205,301,PR1,2425
   6542,FAL100824,09/27,5650.0,5650.0,8892.0,5820.0,659,0,,2.5,2.5,5.0,2024-11-25,A000087,302,PR1,2425
   6542,FAL100824,09/27,5650.0,5650.0,8892.0,5820.0,660,0,,2.5,2.5,5.0,2024-11-25,S/50,303,PR1,2425
   6519,N22AM24063,07/26,91.55,91.55,128.18,103.5,661,0,,6.0,6.0,12.0,2024-11-26,CASH47471,304,PR1,2425
   6533,B23731A,01/26,650.0,650.0,1799.0,870.0,662,0,,6.0,6.0,12.0,2024-11-26,2425CCB9383,305,PR1,2425
   6543,GKF1521A,08/26,404.29,404.29,566.0,445.0,663,0,,6.0,6.0,12.0,2024-11-26,CASH60867,306,PR1,2425
   6542,FAL100824,09/27,5650.0,5650.0,8892.0,5820.0,664,0,,2.5,2.5,5.0,2024-11-26,A000088,307,PR1,2425
   6542,FAL100824,09/27,5650.0,5650.0,8892.0,5820.0,665,0,,2.5,2.5,5.0,2024-11-27,S/51,308,PR1,2425
   6544,04010709,12/25,14.54,14.54,20.35,14.54,667,0,,6.0,6.0,12.0,2024-11-26,CASH47471,304,PR1,2425
   4907,IDTLD1403,05/26,1050.0,1050.0,8800.0,1651.0,668,0,,6.0,6.0,0.0,2024-11-27,PCM/10515,309,PR1,2425
   6545,ADA2303CPB,09/25,510.0,510.0,891.0,535.0,669,0,,6.0,6.0,12.0,2024-11-27,PCM/10515,309,PR1,2425
   6546,ADA2304CPC,09/25,1350.0,1350.0,2673.0,1430.0,671,0,,6.0,6.0,12.0,2024-11-27,PCM/10515,309,PR1,2425
   6199,V400175,07/27,7200.0,7200.0,40754.2,8214.28,672,0,,6.0,6.0,0.0,2024-11-27,NCC/62407,310,PR1,2425
    924,B10924022,08/26,230.0,230.0,438.33,270.0,673,0,,2.5,2.5,0.0,2024-11-27,NCC/62407,310,PR1,2425
   6154,B400493,07/27,1116.07,1116.07,5240.0,1120.0,677,0,,6.0,6.0,0.0,2024-11-28,NCC/62698,313,PR1,2425
   2071,87240287AB,06/26,600.0,600.0,1168.0,720.0,678,0,,6.0,6.0,0.0,2024-11-28,NCC/62698,313,PR1,2425
   6199,V400175,07/27,7200.0,7200.0,40754.2,7200.0,682,0,,6.0,6.0,0.0,2024-11-29,NCC/63004,317,PR1,2425
   4403,APC2322PTB,07/25,900.0,900.0,10450.0,900.0,683,0,,6.0,6.0,0.0,2024-11-29,NCC/63004,317,PR1,2425
   1770,G230083,08/25,275.0,275.0,699.0,295.0,687,0,,6.0,6.0,0.0,2024-11-30,CCB/20194,320,PR1,2425
   6547,OL0809,08/26,1650.0,1650.0,12000.0,2110.58,688,0,,6.0,6.0,12.0,2024-11-30,CCB/20194,320,PR1,2425
   6416,E2401952,06/27,115.2,108.29,161.25,115.2,689,0,,6.0,6.0,12.0,2024-11-30,AM/30590/24-25,321,PR1,2425
   4103,BPAL2412ZB,06/26,1850.0,1850.0,5138.0,2098.22,690,0,,6.0,6.0,0.0,2024-11-30,NCC/63304,322,PR1,2425
   2812,24030093,03/26,7765.0,7765.0,51810.0,8785.71,692,0,,2.5,2.5,0.0,2024-12-02,PCM/10724,324,PR1,2425
   4909,IDTLC1402,04/26,950.0,950.0,7871.0,1160.0,694,0,,6.0,6.0,0.0,2024-12-02,PCM/10757,326,PR1,2425
   1881,ELAF3002,10/26,487.14,487.14,682.0,510.0,696,0,,6.0,6.0,0.0,2024-12-03,PCM/10795,328,PR1,2425
   6548,PR06,02/26,501.78,491.74,675.0,537.71,697,0,,9.0,9.0,18.0,2024-12-03,C/C9557,329,PR1,2425
   6549,K2401546,06/27,90.8,90.8,127.12,90.8,698,0,,6.0,6.0,12.0,2024-12-04,CASH133056,330,PR1,2425
   6199,V400175,07/27,7200.0,7200.0,40754.2,8214.28,699,0,,6.0,6.0,0.0,2024-12-04,NCC/64129,331,PR1,2425
   4646,BDRL2305YD,07/25,190.0,190.0,1275.0,207.14,700,0,,6.0,6.0,0.0,2024-12-04,CCB20506,332,PR1,2425
   1111,BC24314C,08/26,535.71,535.71,8448.72,1339.74,701,0,,6.0,6.0,0.0,2024-12-04,NCC/64269,333,PR1,2425
   3930,394057,10/25,760.0,760.0,2230.0,775.0,703,0,,6.0,6.0,0.0,2024-12-05,2425CCB9738,334,PR1,2425
   3931,1724007,08/25,207.32,207.32,581.5,214.28,704,0,,6.0,6.0,0.0,2024-12-05,2425CCB9738,334,PR1,2425
   4907,IDTLD1403,05/26,1050.0,1050.0,8800.0,1651.0,705,0,,6.0,6.0,0.0,2024-12-05,PCM/10941,335,PR1,2425
   3948,304115,00/00,173.5,173.5,418.0,207.14,706,0,,6.0,6.0,0.0,2024-12-05,2425CCB9741,336,PR1,2425
   3947,30360,02/26,52.0,52.0,121.6,60.0,707,0,,6.0,6.0,0.0,2024-12-05,2425CCB9741,336,PR1,2425
   1770,G230083,08/25,275.0,275.0,699.0,295.0,708,0,,6.0,6.0,0.0,2024-11-09,CCB18474,269,PR1,2425
   5392,24111,02/25,6.8,6.8,13.67,7.0,709,0,,6.0,6.0,12.0,2024-06-26,PCM/4413,22,PR1,2425
   1571,4A00393,06/27,5.8,5.8,13.35,6.0,710,0,,6.0,6.0,0.0,2024-12-07,CH/4027,337,PR1,2425
   6550,MA24A64,06/25,5.17,5.17,22.5,12.0,712,0,,6.0,6.0,12.0,2024-12-07,CH/4027,337,PR1,2425
   3933,1255146,05/25,14.7,14.26,27.9,14.7,713,0,,6.0,6.0,0.0,2024-12-07,CH/4027,337,PR1,2425
   3950,V30815,01/26,35.5,34.44,66.25,36.5,714,0,,6.0,6.0,0.0,2024-12-07,CH/4027,337,PR1,2425
   3986,KP1568095,03/26,7.0,7.0,26.38,8.56,715,0,,6.0,6.0,0.0,2024-12-07,CH/4027,337,PR1,2425
   6551,133,07/25,12.9,12.9,25.0,14.0,716,0,,9.0,9.0,18.0,2024-12-07,CH/4027,337,PR1,2425
   6552,5208,09/27,230.0,230.0,800.0,270.0,717,0,,6.0,6.0,12.0,2024-12-07,C/C13490,338,PR1,2425
   6553,24740036,09/26,15.56,15.56,56.5,25.56,718,0,,6.0,6.0,12.0,2024-12-07,24414,339,PR1,2425
    561,BPH242188,01/27,49.9,24.95,69.87,49.9,719,0,,6.0,6.0,0.0,2024-12-07,24413,340,PR1,2425
   6448,FM9109,05/26,4.78,4.78,6.7,5.0,722,0,,6.0,6.0,0.0,2024-12-07,CH/4029,341,PR1,2425
   2383,05240566,03/26,185.0,185.0,1200.0,225.0,723,0,,6.0,6.0,0.0,2024-12-08,NCC/64960,342,PR1,2425
   4279,L0342309B,11/25,30.0,30.0,108.0,40.0,724,0,,6.0,6.0,0.0,2024-12-08,NCC/64960,342,PR1,2425
   2071,87240133AB,03/26,600.0,600.0,1168.3,630.0,725,0,,6.0,6.0,0.0,2024-12-08,NCC/64960,342,PR1,2425
   4092,BBZL2408ZA,04/26,850.0,850.0,3236.0,1030.0,726,0,,6.0,6.0,0.0,2024-12-08,NCC/64960,342,PR1,2425
   6542,FAL100824,09/27,5660.0,5660.0,8892.0,6444.28,727,0,,2.5,2.5,5.0,2024-12-08,A000095,343,PR1,2425
   6495,82TH575303,07/26,333.33,333.33,699.0,395.0,728,0,,2.5,2.5,5.0,2024-09-27,PCM/7963,201,PR1,2425
   3548,X022712,03/26,2992.0,2992.0,3927.0,2992.0,729,0,,2.5,2.5,0.0,2024-08-16,PCM/6378,103,PR1,2425
   2894,4480185,04/27,130.0,130.0,1299.17,178.0,730,0,,6.0,6.0,0.0,2024-12-08,NCC/64674,344,PR1,2425
   6555,ALK24013SR,03/26,6.8,6.8,11.4,7.2,731,0,,6.0,6.0,12.0,2024-12-10,PCM/11210,345,PR1,2425
   4937,ILCVB1423,07/26,50.0,50.0,358.6,63.25,732,0,,2.5,2.5,0.0,2024-12-10,PCM/11210,345,PR1,2425
   6556,MA24F44,11/25,8.5,8.5,35.0,10.25,733,0,,6.0,6.0,12.0,2024-12-10,PCM/11210,345,PR1,2425
   6199,V400175,07/27,7200.0,7200.0,40754.2,8214.28,734,0,,6.0,6.0,0.0,2024-12-13,NCC/66737,346,PR1,2425
   6199,V400175,07/27,7200.0,7200.0,40754.2,8214.28,735,0,,6.0,6.0,0.0,2024-12-14,NCC/67061,347,PR1,2425
   4907,IDTLD1403,05/26,920.0,920.0,8800.0,1651.0,736,0,,6.0,6.0,0.0,2024-12-14,NCC/67108,348,PR1,2425
   6199,B400565,09/27,7200.0,7200.0,40754.2,8214.28,737,0,,6.0,6.0,0.0,2024-12-16,NCC/67512,349,PR1,2425
   4279,L0342309B,11/25,30.0,30.0,108.0,40.0,738,0,,6.0,6.0,0.0,2024-12-16,NCC/67512,349,PR1,2425
   6545,ADC2306CP,08/25,510.0,510.0,891.0,535.0,739,0,,6.0,6.0,12.0,2024-12-16,PCM/11540,350,PR1,2425
   6546,ADA2304CPC,09/25,1350.0,1350.0,2673.0,1430.0,740,0,,6.0,6.0,12.0,2024-12-16,PCM/11540,350,PR1,2425
   4646,BDRL2401YJ,12/25,190.0,190.0,1403.0,207.14,741,0,,6.0,6.0,0.0,2024-12-17,CCB21634,351,PR1,2425
   6557,160*160,05/26,45.0,45.0,75.0,46.0,742,0,,2.5,2.5,5.0,2024-12-17,2425CCB7981,352,PR1,2425
   6558,S4G002,06/26,15.5,15.5,122.9,22.65,743,0,,6.0,6.0,0.0,2024-12-17,2425CCB7981,352,PR1,2425
    456,M11022403A,12/26,1600.0,1600.0,3290.0,1804.2,744,0,,6.0,6.0,0.0,2024-12-17,NCC/67867,353,PR1,2425
    924,B10924017,05/26,230.0,230.0,438.33,270.0,746,0,,2.5,2.5,0.0,2024-12-17,NCC/67867,353,PR1,2425
    924,B10924017,08/26,230.0,230.0,438.33,270.0,747,0,,2.5,2.5,0.0,2024-12-17,NCC/67867,353,PR1,2425
   1177,OL0762,06/26,1950.0,1950.0,5295.0,2098.21,750,0,,6.0,6.0,0.0,2024-12-18,NCC/68072,354,PR1,2425
   2894,4480195,08/27,130.0,130.0,1299.17,178.0,753,0,,6.0,6.0,0.0,2024-12-18,NCC/68372,355,PR1,2425
    261,B400565,09/27,7200.0,7200.0,40754.2,8214.28,755,0,,6.0,6.0,0.0,2024-12-19,NCC/68502,356,PR1,2425
   4909,IDTLC1402,04/26,950.0,950.0,7871.0,1160.0,756,0,,6.0,6.0,0.0,2024-12-23,PCM/11906,357,PR1,2425
   4908,IDTLA1402,05/26,550.0,550.0,2862.0,551.0,757,0,,6.0,6.0,0.0,2024-12-23,PCM/11906,357,PR1,2425
   6559,OL0560,10/25,25.2,25.2,41.8,35.71,758,0,,2.5,2.5,5.0,2024-12-24,S/90,358,PR1,2425
   6560,OLO742,05/26,35.7,35.7,77.0,40.17,759,0,,2.5,2.5,5.0,2024-12-24,S/90,358,PR1,2425
   6559,OL0560,10/25,25.2,25.2,41.8,35.71,760,0,,2.5,2.5,5.0,2024-12-24,S/90,358,PR1,2425
   6560,OLO742,05/26,35.7,35.7,77.0,40.17,761,0,,2.5,2.5,5.0,2024-12-24,S/90,358,PR1,2425
   6561,V4471469,09/26,15.05,15.05,46.9,19.64,763,0,,2.5,2.5,5.0,2024-12-24,C/C22432,360,PR1,2425
   4937,ILCVB1423,07/26,45.0,45.0,358.6,62.0,765,0,,2.5,2.5,0.0,2024-12-25,PCM/12054,362,PR1,2425
   4937,ILCVB1328,07/26,45.0,45.0,358.6,62.0,766,0,,2.5,2.5,0.0,2024-12-25,PCM/12054,362,PR1,2425
   3619,NN4165A,03/26,250.0,250.0,4050.2,531.0,767,0,,6.0,6.0,0.0,2024-12-26,NCC/70191,363,PR1,2425
   6562,NN4166A,03/26,600.0,600.0,17111.6,1100.0,768,0,,6.0,6.0,12.0,2024-12-26,NCC/70191,363,PR1,2425
    261,B400565,09/27,7200.0,7200.0,40754.2,8214.28,769,0,,6.0,6.0,0.0,2024-12-26,NCC/70191,363,PR1,2425
   6563,OI0778,10/26,1600.0,1600.0,4070.0,1800.0,771,0,,2.5,2.5,5.0,2024-12-26,CCB22335,364,PR1,2425
   6564,OI0754,08/26,3900.0,3900.0,9460.0,4523.0,772,0,,2.5,2.5,5.0,2024-12-26,CCB22335,364,PR1,2425
   2383,05240732,04/26,160.71,160.71,1200.0,225.0,773,0,,6.0,6.0,0.0,2024-12-26,CCB22335,364,PR1,2425
   2812,24030101,08/27,7000.0,7000.0,51810.0,8785.71,774,0,,2.5,2.5,0.0,2024-12-26,NCC/70292,365,PR1,2425
   6565,3GY31,06/25,41.0,41.0,76.0,42.85,776,0,,2.5,2.5,5.0,2024-12-26,CCB22451,366,PR1,2425
    940,BYZ1106,08/25,48.0,48.0,86.7,52.38,779,0,,2.5,2.5,0.0,2024-12-26,CCB22451,366,PR1,2425
   6154,B400494,06/27,1116.07,1116.07,5240.0,1384.0,781,0,,6.0,6.0,0.0,2024-12-26,NCC/69900,367,PR1,2425
   4279,L0342309B,11/25,30.0,30.0,108.0,40.0,782,0,,6.0,6.0,0.0,2024-12-26,NCC/69900,367,PR1,2425
   4092,BBZL2402ZA,01/26,890.0,890.0,3236.28,1030.0,784,0,,6.0,6.0,0.0,2024-12-27,PCM/12187,368,PR1,2425
   4907,IDTLD1403,05/26,920.0,920.0,8800.0,1651.0,785,0,,6.0,6.0,0.0,2024-12-28,NCC/70778,369,PR1,2425
   3837,205068,04/26,170.0,170.0,2238.0,320.0,786,0,,2.5,2.5,0.0,2024-12-28,NCC/70778,369,PR1,2425
   6457,D140477,08/26,29.0,29.0,448.0,38.39,787,0,,6.0,6.0,12.0,2024-12-31,S/67,370,PR1,2425
    261,B400565,09/27,7200.0,7200.0,40754.2,8214.28,790,0,,6.0,6.0,0.0,2024-12-31,NCC/68896,372,PR1,2425
   6262,CDS24294,07/26,18.5,18.5,42.79,19.0,791,0,,6.0,6.0,0.0,2024-12-31,CH/4338,373,PR1,2425
   6567,ALB400724,09/27,5000.0,5000.0,8394.0,5714.29,792,0,,2.5,2.5,5.0,2024-12-31,S/106,374,PR1,2425
   1177,OL0762,06/26,1950.0,1950.0,5295.0,2098.21,794,0,,6.0,6.0,0.0,2024-12-31,NCC/71698,375,PR1,2425
   6562,NN4166A,03/26,600.0,600.0,17111.6,1100.0,796,0,,6.0,6.0,12.0,2024-12-31,NCC/71698,375,PR1,2425
   3619,NN4165A,03/26,250.0,250.0,4050.2,531.0,797,0,,6.0,6.0,0.0,2024-12-31,NCC/71698,375,PR1,2425
   2812,24030101,08/27,7000.0,7000.0,51810.0,8785.71,798,0,,2.5,2.5,0.0,2024-12-31,NCC/71698,375,PR1,2425
   4907,IDTLD1403,05/26,1050.0,1050.0,8800.0,1651.0,799,0,,6.0,6.0,0.0,2025-01-01,PCM/12391,376,PR1,2425
   4908,IDTLA1402,05/26,550.0,550.0,2862.0,551.0,800,0,,6.0,6.0,0.0,2025-01-01,PCM/12391,376,PR1,2425
   1793,1176398,12/26,12300.0,12300.0,21000.0,12767.85,801,0,,6.0,6.0,0.0,2025-01-01,NCC/71938,377,PR1,2425
   6555,ALK24013SR,03/26,6.8,6.8,11.4,7.14,802,0,,6.0,6.0,12.0,2025-01-02,PCM/12444,378,PR1,2425
   1178,23HCP10,07/25,51.98,51.98,137.5,62.5,803,0,,2.5,2.5,0.0,2025-01-02,S/113,379,PR1,2425
    235,PPLBA2401A,07/27,220.0,220.0,2718.0,1250.0,804,0,,6.0,6.0,0.0,2025-01-04,S/118,380,PR1,2425
   2711,TE2416A,06/27,6800.0,6800.0,54266.0,8045.0,805,0,,6.0,6.0,0.0,2025-01-04,NCC/72625,381,PR1,2425
   3711,8177856,08/25,550.0,550.0,3428.0,598.21,806,0,,6.0,6.0,0.0,2025-01-04,NCC/72668,382,PR1,2425
    235,PPLBA2401A,07/27,170.0,170.0,2718.0,1250.0,807,0,,6.0,6.0,0.0,2025-01-05,NCC/72956,383,PR1,2425
    261,B400565,09/27,7200.0,7200.0,40754.2,8214.28,808,0,,6.0,6.0,0.0,2025-01-06,NCC/73051,384,PR1,2425
   2383,05240732,04/26,160.71,160.71,1200.0,225.0,809,0,,6.0,6.0,0.0,2025-01-06,CCB23271,385,PR1,2425
   6494,2124115,02/27,4.5,4.5,6.16,4.8,811,0,,6.0,6.0,12.0,2025-01-06,C/C23428,386,PR1,2425
   6199,B400565,09/27,7200.0,7200.0,40754.2,8214.28,813,0,,6.0,6.0,0.0,2025-01-07,NCC/73620,388,PR1,2425
   4907,IDTLD1401,12/25,920.0,920.0,8800.0,1651.0,814,0,,6.0,6.0,0.0,2025-01-07,NCC/73620,388,PR1,2425
   2894,4480195,08/27,130.0,130.0,1299.17,178.0,815,0,,6.0,6.0,0.0,2025-01-07,NCC/73620,388,PR1,2425
   1085,BCPI2423ZC,09/26,470.0,470.0,992.21,535.0,816,0,,6.0,6.0,0.0,2025-01-07,CCB23451,389,PR1,2425
   1086,BCPI2407YE,02/26,1450.0,1450.0,2674.0,1460.0,817,0,,6.0,6.0,0.0,2025-01-07,CCB23451,389,PR1,2425
    235,PPLBA2401A,07/27,210.0,210.0,2718.0,1250.0,818,0,,6.0,6.0,0.0,2025-01-08,S/128,390,PR1,2425
   6568,SIF1788A,07/27,42.14,42.14,59.0,42.14,820,0,,6.0,6.0,12.0,2025-01-09,CASH55884,392,PR1,2425
   6275,MT242411,05/26,141.6,141.6,198.3,141.6,821,0,,6.0,6.0,0.0,2025-01-09,CASH55884,392,PR1,2425
   6491,JBJM2348,11/25,8.5,8.5,29.7,9.82,824,0,,6.0,6.0,12.0,2024-12-24,C/C22432,360,PR1,2425
   6542,FAL100924,10/27,5000.0,5000.0,8892.0,5143.0,826,0,,2.5,2.5,5.0,2025-01-10,CR/SP710,394,PR1,2425
   6542,FAL100924,10/27,5000.0,5000.0,8892.0,5143.0,829,0,,2.5,2.5,5.0,2025-01-11,CR/SP715,397,PR1,2425
   2711,TE2419A,08/27,6800.0,6800.0,54266.0,8045.0,831,0,,6.0,6.0,0.0,2025-01-11,NCC/74723,398,PR1,2425
   2894,4480195,08/27,130.0,130.0,1299.17,178.0,832,0,,6.0,6.0,0.0,2025-01-11,NCC/74723,398,PR1,2425
   3794,1240042,07/26,420.0,420.0,916.8,443.63,833,0,,6.0,6.0,0.0,2025-01-13,NCC/75166,399,PR1,2425
   6295,8623,05/25,8.0,8.0,25.0,8.75,836,0,,6.0,6.0,0.0,2025-01-13,CC/1283,401,PR1,2425
   6570,JD*341,04/27,220.0,220.0,1000.0,225.0,837,0,,6.0,6.0,12.0,2025-01-13,CC/1283,401,PR1,2425
   6260,4C340687,05/27,17.5,17.5,39.0,18.45,838,0,,6.0,6.0,0.0,2025-01-13,CC/1283,401,PR1,2425
   6510,C410,03/26,32.0,32.0,40.0,33.0,840,0,,6.0,6.0,12.0,2025-01-13,CA/47445,402,PR1,2425
   6542,FAL100924,10/27,5000.0,5000.0,8892.0,6444.28,841,0,,2.5,2.5,5.0,2025-01-14,CR/SP716,403,PR1,2425
   2752,AL24011ADP,11/27,4900.0,4900.0,9369.0,5143.0,842,0,,2.5,2.5,0.0,2025-01-14,CR/SP725,404,PR1,2425
   2383,05240732,04/26,220.0,220.0,1200.0,225.0,844,0,,6.0,6.0,0.0,2025-01-14,CR/3432,405,PR1,2425
   2752,AL24011ADP,11/27,4900.0,4900.0,9369.0,5143.0,845,0,,2.5,2.5,0.0,2025-01-15,3435,406,PR1,2425
   1557,4T00170,05/26,19.03,14.27,26.65,19.3,846,0,,6.0,6.0,0.0,2025-01-15,CASH57974,407,PR1,2425
   1570,4SN0678,03/26,17.81,16.47,24.94,18.0,847,0,,6.0,6.0,0.0,2025-01-15,CASH57974,407,PR1,2425
   1945,E16KI24008,02/27,2120.0,2120.0,4389.0,2232.14,848,0,,6.0,6.0,0.0,2025-01-15,NCC/76153,408,PR1,2425
   1178,23HCP10,07/25,49.0,49.0,137.5,50.0,850,0,,2.5,2.5,0.0,2025-01-16,S/167,410,PR1,2425
   2812,24030101,08/27,7000.0,7000.0,51810.0,8785.71,852,0,,2.5,2.5,0.0,2025-01-17,NCC/76586,412,PR1,2425
   4907,IDTLD1403,05/26,1050.0,1050.0,8800.0,1651.0,853,0,,6.0,6.0,0.0,2025-01-20,PCM/13381,413,PR1,2425
   2752,AL24011ADP,11/27,5000.0,5000.0,9369.0,5143.0,854,0,,2.5,2.5,0.0,2025-01-23,S/209,414,PR1,2425
   6572,1042449H,05/26,65.0,65.0,447.31,84.82,855,0,,6.0,6.0,12.0,2025-01-23,A000111,415,PR1,2425
   4123,L0222320B,11/25,46.0,46.0,271.49,84.0,856,0,,2.5,2.5,0.0,2025-01-23,PCM/13587,416,PR1,2425
   3931,1724007,08/25,207.32,207.32,581.5,214.28,857,0,,6.0,6.0,0.0,2025-01-24,2425CCB11845,417,PR1,2425
   3931,392041,09/26,207.32,207.32,581.5,214.28,858,0,,6.0,6.0,0.0,2025-01-24,2425CCB11845,417,PR1,2425
   4907,IDTLD1403,05/26,1050.0,1050.0,8800.0,1651.0,860,0,,6.0,6.0,0.0,2025-01-24,PCM/13656,418,PR1,2425
   4908,IDTLA1402,05/26,550.0,550.0,2862.0,551.0,861,0,,6.0,6.0,0.0,2025-01-24,PCM/13656,418,PR1,2425
   6347,24334,09/27,17.0,17.0,28.25,18.0,862,0,,6.0,6.0,12.0,2025-01-24,PCM/13656,418,PR1,2425
   1178,23HCP10,07/25,49.0,49.0,137.5,50.0,863,0,,2.5,2.5,0.0,2025-01-24,S/211,419,PR1,2425
   6559,OL0560,10/25,25.2,25.2,41.8,35.71,864,0,,2.5,2.5,5.0,2025-01-24,S/211,419,PR1,2425
   1178,23FCP10,07/25,49.0,49.0,137.5,50.0,865,0,,2.5,2.5,0.0,2025-01-24,S/211,419,PR1,2425
   2894,4480195,08/27,135.0,135.0,1299.17,178.0,866,0,,6.0,6.0,0.0,2025-01-24,PCM/13694,420,PR1,2425
   3562,AGD40806,07/26,9.0,9.0,56.5,11.5,868,0,,6.0,6.0,0.0,2025-01-24,CH/4705,421,PR1,2425
   6574,D060242311,06/26,19.0,19.0,69.86,22.32,869,0,,6.0,6.0,12.0,2025-01-24,A000113,422,PR1,2425
   6575,23GLP02,06/25,3600.0,3600.0,9283.0,4107.14,873,0,,6.0,6.0,12.0,2025-01-25,CCB25003,425,PR1,2425
   6547,OL0809,08/26,1650.0,1650.0,12000.0,2110.58,874,0,,6.0,6.0,12.0,2025-01-25,CCB25069,426,PR1,2425
   6347,24334,09/27,17.0,17.0,28.25,18.0,875,0,,6.0,6.0,12.0,2025-01-24,PCM/13694,420,PR1,2425
   6199,B400565,09/27,7200.0,7200.0,40754.2,8214.28,879,0,,6.0,6.0,0.0,2025-01-26,NCC/72765,428,PR1,2425
   6199,B400024,11/26,5625.0,5625.0,40754.2,8214.28,881,0,,6.0,6.0,0.0,2025-01-27,TP/24-25/632,430,PR1,2425
   6319,BBA24013,07/26,34.51,33.13,48.31,35.0,884,0,,6.0,6.0,0.0,2025-01-27,CASH898238,432,PR1,2425
   3932,393174,08/25,494.96,494.96,1773.0,517.86,885,0,,6.0,6.0,0.0,2025-01-28,2425CCB12011,433,PR1,2425
   6578,258T2434,08/26,289.29,241.07,405.0,289.29,887,0,,6.0,6.0,12.0,2025-01-28,CASH101600,434,PR1,2425
   4907,IDTLD1403,05/26,920.0,920.0,8800.0,1651.0,888,0,,6.0,6.0,0.0,2025-01-29,NCC/80186,435,PR1,2425
   2894,4480195,08/27,130.0,130.0,1299.17,178.0,890,0,,6.0,6.0,0.0,2025-01-29,NCC/80186,435,PR1,2425
   6579,L24E-5B,04/26,15.4,15.4,56.5,23.81,892,0,,2.5,2.5,5.0,2025-01-31,S/238,437,PR1,2425
   6401,8LV2L176,06/26,103.08,93.8,144.3,103.08,893,0,,6.0,6.0,12.0,2025-02-01,AM/40457/24-25,438,PR1,2425
   6579,L24E-5B,04/26,15.4,15.4,56.5,23.81,894,0,,2.5,2.5,5.0,2025-02-01,S/247,439,PR1,2425
   6574,D060242311,06/26,19.0,19.0,69.86,22.32,895,0,,6.0,6.0,12.0,2025-02-01,A000115,440,PR1,2425
   6580,DPNH1413,07/26,10.0,10.0,56.5,11.5,896,0,,6.0,6.0,12.0,2025-02-01,A000115,440,PR1,2425
   6199,B400565,09/27,7200.0,7200.0,40754.2,8214.28,897,0,,6.0,6.0,0.0,2025-02-03,NCC/81585,441,PR1,2425
   6583,24DK12G,10/26,16.99,16.99,69.8,22.0,901,0,,6.0,6.0,12.0,2025-02-03,N/1696,442,PR1,2425
   3930,394057,10/25,760.0,760.0,2230.0,800.0,905,0,,6.0,6.0,0.0,2025-02-04,2425CCB12306,444,PR1,2425
   2699,OL23180,11/25,135.0,135.0,2511.0,320.0,906,0,,2.5,2.5,0.0,2025-02-04,CR/3712,445,PR1,2425
   5157,PMLH23A06A,07/25,250.0,250.0,1324.0,442.0,907,0,,6.0,6.0,0.0,2025-02-04,NCC/81833,446,PR1,2425
   5158,PMLH23B09A,07/25,750.0,750.0,3598.0,964.28,908,0,,6.0,6.0,0.0,2025-02-04,NCC/81833,446,PR1,2425
   2701,AT24090A,01/27,140.0,140.0,1262.0,180.0,909,0,,6.0,6.0,0.0,2025-02-05,NCC/82122,447,PR1,2425
   6199,B400565,09/27,5625.0,5625.0,40754.2,8214.28,910,0,,6.0,6.0,0.0,2025-02-05,PENDINGTEJASVI01,448,PR1,2425
   6457,D140477,08/26,29.0,29.0,448.0,38.39,913,0,,6.0,6.0,12.0,2025-02-06,S/279,450,PR1,2425
   1437,4GG0084,01/26,1096.0,1096.0,4290.0,1349.0,914,0,,6.0,6.0,0.0,2025-02-06,S/283,451,PR1,2425
   6555,ALK24013SR,03/26,6.8,6.8,11.4,7.2,915,0,,6.0,6.0,12.0,2025-02-07,PCM/14416,452,PR1,2425
     31,J51,07/25,820.0,820.0,2444.0,949.25,918,0,,2.5,2.5,0.0,2025-02-08,PCM/14473,455,PR1,2425
   4775,ILBLA2407A,10/26,55.0,55.0,223.91,78.15,920,0,,6.0,6.0,0.0,2025-02-10,PCM/14564,457,PR1,2425
   1773,V2401389,05/26,398.0,398.0,632.0,430.0,921,0,,6.0,6.0,0.0,2025-02-10,PCM/14581,458,PR1,2425
   4105,BCII2420XD,12/25,250.0,250.0,396.5,254.46,922,0,,6.0,6.0,0.0,2025-02-10,NCC/83851,459,PR1,2425
   2383,05241394,08/26,185.0,185.0,1314.0,223.21,923,0,,6.0,6.0,0.0,2025-02-10,NCC/83841,460,PR1,2425
   4092,BBZL2409ZC,05/26,850.0,850.0,3236.46,1030.0,924,0,,6.0,6.0,0.0,2025-02-10,NCC/83841,460,PR1,2425
   4646,BDRL2401YJ,12/25,190.0,190.0,1403.0,207.14,927,0,,6.0,6.0,0.0,2025-02-11,CCB26472,463,PR1,2425
   6590,B95X140,09/26,171.33,171.33,239.85,172.35,929,0,,6.0,6.0,12.0,2025-02-12,CASH339451,464,PR1,2425
   6263,24510649,09/26,295.5,277.77,413.68,309.75,931,0,,6.0,6.0,0.0,2025-02-12,AM/42421/24-25,465,PR1,2425
   3921,36195,09/26,169.5,169.5,315.0,180.95,932,0,,2.5,2.5,0.0,2025-02-13,2425CCB12658,466,PR1,2425
   4982,IACND1448,09/27,35.0,35.0,132.32,44.64,936,0,,6.0,6.0,0.0,2025-02-13,PCM/14731,468,PR1,2425
   6594,B240916D,08/26,24.0,24.0,309.0,32.14,938,0,,6.0,6.0,12.0,2025-02-14,CR/3879,470,PR1,2425
   6595,D1282402A,03/26,110.0,110.0,950.0,134.54,939,0,,6.0,6.0,12.0,2025-02-17,PCM/14932,471,PR1,2425
   2368,74240038,06/26,56.5,56.5,214.53,65.0,940,0,,6.0,6.0,0.0,2025-02-17,S/342,472,PR1,2425
   6596,V510043,03/26,33.23,33.23,99.0,45.0,941,0,,6.0,6.0,12.0,2025-02-17,S/342,472,PR1,2425
   4907,IDTLD1401,12/25,1110.0,1110.0,8800.0,1651.0,943,0,,6.0,6.0,0.0,2025-02-18,A/34732,474,PR1,2425
   2368,74240052,07/26,49.0,49.0,214.53,65.0,945,0,,6.0,6.0,0.0,2025-02-18,PCM/14951,476,PR1,2425
   1870,132411E19,08/26,22900.0,22900.0,56436.45,26000.0,946,0,,6.0,6.0,0.0,2025-02-18,PCM/14824,477,PR1,2425
   6596,V510043,03/26,35.0,35.0,99.0,45.0,947,0,,6.0,6.0,12.0,2025-02-18,2425CCB12879,478,PR1,2425
   3872,1940038,07/26,450.0,450.0,1463.0,585.0,948,0,,6.0,6.0,0.0,2025-02-19,NCC/86191,479,PR1,2425
   2812,24030103,08/27,7500.0,7500.0,51810.0,8785.71,949,0,,2.5,2.5,0.0,2025-02-20,PCM/15069,480,PR1,2425
   6545,ADA2407CPB,08/26,510.0,510.0,891.0,535.0,950,0,,6.0,6.0,12.0,2025-02-21,PCM/15102,481,PR1,2425
   6546,ADA2304CPC,09/25,1350.0,1350.0,2673.0,1430.0,951,0,,6.0,6.0,12.0,2025-02-21,PCM/15101,482,PR1,2425
   1178,23HCP10,07/25,49.0,49.0,137.5,50.0,952,0,,2.5,2.5,0.0,2025-02-21,S/359,483,PR1,2425
   2368,74240043,06/26,49.0,49.0,214.53,65.0,957,0,,6.0,6.0,0.0,2025-02-21,PCM/15134,487,PR1,2425
   2368,74240052,07/26,49.0,49.0,214.53,65.0,958,0,,6.0,6.0,0.0,2025-02-21,PCM/15134,487,PR1,2425
    127,74240075,08/26,80.0,80.0,447.34,95.55,959,0,,6.0,6.0,0.0,2025-02-21,PCM/15135,488,PR1,2425
   6595,D1282402A,03/26,115.0,115.0,950.0,134.54,960,0,,6.0,6.0,12.0,2025-02-21,CR/3971,489,PR1,2425
   6598,MCN24101,09/26,107.0,107.0,150.0,111.0,961,0,,6.0,6.0,12.0,2025-02-21,S/364,490,PR1,2425
   6199,B400628,10/27,7200.0,7200.0,40754.2,8214.28,962,0,,6.0,6.0,0.0,2025-02-22,NCC/87129,491,PR1,2425
   6542,FAL100924,10/27,4250.0,4250.0,8892.0,4500.0,963,0,,2.5,2.5,5.0,2025-02-22,S/369,492,PR1,2425
   4092,BBZL2402ZA,01/26,900.0,900.0,3236.46,1030.0,964,0,,6.0,6.0,0.0,2025-02-22,S370,493,PR1,2425
   5203,HAF2333B,09/26,3600.0,3600.0,7117.0,3800.0,965,0,,6.0,6.0,0.0,2025-02-22,NCC/87333,494,PR1,2425
    230,IHEPB1482,05/26,130.0,130.0,335.77,138.0,967,0,,6.0,6.0,0.0,2025-02-22,PCM/15195,496,PR1,2425
    429,M11512405A,06/26,5700.0,5700.0,8625.0,5815.0,968,0,,6.0,6.0,0.0,2025-02-24,NCC/86496,497,PR1,2425
   2894,4480201,10/27,130.0,130.0,1299.17,132.5,969,0,,6.0,6.0,0.0,2025-02-24,NCC/86496,497,PR1,2425
   2812,24030101,08/27,6200.0,6200.0,51810.0,8785.71,975,0,,2.5,2.5,0.0,2025-02-24,TP/24-25/716,500,PR1,2425
   6223,B400160,01/26,6100.0,6100.0,59995.0,9500.0,976,0,,2.5,2.5,0.0,2025-02-24,TP/24-25/716,500,PR1,2425
    261,B400608,10/27,5982.15,5982.15,40754.2,7232.0,980,0,,6.0,6.0,0.0,2025-02-24,TP/24-25/722,504,PR1,2425
    456,M11022312B,09/25,1600.0,1600.0,3290.0,1605.0,982,0,,6.0,6.0,0.0,2025-02-24,NCC/87006,506,PR1,2425
   1740,N240409B,06/27,795.6,795.6,3321.25,798.0,983,0,,6.0,6.0,0.0,2025-02-24,NCC/87006,506,PR1,2425
   2693,RA2332A,09/26,1750.0,1750.0,8100.0,1875.0,985,0,,6.0,6.0,0.0,2025-02-25,PCM15315,507,PR1,2425
   2694,RB2364A,10/26,6100.0,6100.0,35826.5,7455.36,986,0,,6.0,6.0,0.0,2025-02-25,PCM15315,507,PR1,2425
    456,M11022412B,10/26,1750.0,1750.0,3290.0,1804.2,987,0,,6.0,6.0,0.0,2025-02-25,PCM/15322,508,PR1,2425
   6542,24ALB1006,11/26,4250.0,4250.0,8892.0,5714.29,988,0,,2.5,2.5,5.0,2025-02-25,S380,509,PR1,2425
   1179,VCI2406AC,03/26,36.38,36.38,60.25,42.86,990,0,,2.5,2.5,0.0,2025-02-25,S/385,511,PR1,2425
   3556,ALA2402EPA,06/26,550.0,550.0,1600.0,680.0,991,0,,2.5,2.5,0.0,2025-02-25,CCB27214,512,PR1,2425
   6497,62416,05/25,59.0,59.0,79.3,61.0,994,0,,6.0,6.0,12.0,2025-02-26,2425CCB13182,515,PR1,2425
   6498,1331166,07/25,285.8,285.8,396.4,287.0,995,0,,6.0,6.0,12.0,2025-02-26,2425CCB13182,515,PR1,2425
   3948,304119,10/26,173.5,173.5,418.0,207.14,996,0,,6.0,6.0,0.0,2025-02-26,2425CCB13182,515,PR1,2425
   6563,OI0778,10/26,1600.0,1600.0,4070.0,1800.0,997,0,,2.5,2.5,5.0,2025-03-03,PORTERPENDING,516,PR1,2425
   6564,OI0754,08/26,3900.0,3900.0,9460.0,4523.0,998,0,,2.5,2.5,5.0,2025-03-03,PORTERPENDING,516,PR1,2425
   1178,23HCP10,07/25,49.0,49.0,137.5,50.0,1000,0,,2.5,2.5,0.0,2025-03-04,S/424,518,PR1,2425
   6559,OL0560,10/25,25.2,25.2,41.8,35.71,1001,0,,2.5,2.5,5.0,2025-03-04,S/424,518,PR1,2425
   6583,24DK12G,10/26,16.99,16.99,69.8,22.0,1005,0,,6.0,6.0,12.0,2025-02-27,N/1889,517,PR1,2425
   6582,L-24J-9E,09/,16.99,16.99,113.0,38.81,1006,0,,2.5,2.5,5.0,2025-03-03,N/1889,517,PR1,2425
   6606,ERO224053,11/26,5.49,5.49,39.99,7.0,1007,0,,6.0,6.0,12.0,2025-03-03,N/1918,519,PR1,2425
   3359,4551022EA,04/27,3600.0,3600.0,6267.15,3800.0,1008,0,,6.0,6.0,0.0,2025-03-04,NCC/90146,520,PR1,2425
   6611,24LI03G,02/26,14.99,14.99,299.0,125.0,1017,0,,6.0,6.0,12.0,2025-03-06,N/1930,523,PR1,2425
    456,M11022412B,10/26,1600.0,1600.0,3290.0,1804.2,1018,0,,6.0,6.0,0.0,2025-03-05,NCC/90536,524,PR1,2425
   6594,B240916D,08/26,24.0,24.0,309.0,32.14,1019,0,,6.0,6.0,12.0,2025-03-06,CR/4132,525,PR1,2425
   6611,24LI03G,02/26,14.99,14.99,299.0,125.0,1021,0,,6.0,6.0,12.0,2025-03-07,N/1939,526,PR1,2425
   6595,D1282402A,03/26,115.0,115.0,950.0,134.54,1028,0,,6.0,6.0,12.0,2025-03-08,CR/4163,528,PR1,2425
   4104,BCII2402ZA,12/25,70.0,70.0,111.0,75.0,1029,0,,6.0,6.0,0.0,2025-03-08,NCC/91289,529,PR1,2425
   4151,LY072422B,08/26,190.0,190.0,5300.0,190.25,1030,0,,6.0,6.0,12.0,2025-03-08,NCC/91275,530,PR1,2425
   2333,7A240005,07/26,105.0,105.0,1720.0,105.25,1031,0,,6.0,6.0,12.0,2025-03-08,NCC/91275,530,PR1,2425
   6613,4SD0052,06/27,49.9,41.58,69.72,49.9,1032,0,,6.0,6.0,12.0,2025-03-08,AM/46345/24-25,531,PR1,2425
   6614,KAW2402,00/00,26.0,26.0,299.0,26.05,1033,0,,9.0,9.0,18.0,2025-03-08,18722,532,PR1,2425
   6292,1124024L,10/29,22.0,22.0,77.0,35.0,1034,0,,6.0,6.0,0.0,2025-03-08,18722,532,PR1,2425
   6615,RCARE,00/00,190.0,190.0,1150.0,210.0,1035,0,,6.0,6.0,12.0,2025-03-08,18722,532,PR1,2425
   6616,010125,00/00,230.0,230.0,410.0,250.0,1036,0,,6.0,6.0,12.0,2025-03-08,18722,532,PR1,2425
   6617,PG0012,12/27,110.0,110.0,450.0,130.0,1037,0,,6.0,6.0,12.0,2025-03-08,18726,533,PR1,2425
   2927,BATCH003,10/26,4800.0,4800.0,20000.0,5400.0,1038,0,,6.0,6.0,0.0,2025-03-10,NCC/91433,534,PR1,2425
   6618,ERO424049,11/26,5.49,5.49,26.63,7.0,1039,0,,6.0,6.0,12.0,2025-02-27,N/1889,517,PR1,2425
   3548,X027678,04/26,2992.0,2992.0,3927.0,3123.0,1040,0,,2.5,2.5,0.0,2025-03-10,PCM/16013,535,PR1,2425
   2374,AB240473A,10/26,220.0,220.0,6170.0,220.5,1042,0,,6.0,6.0,0.0,2025-03-10,PCM/16046,536,PR1,2425
   4937,ILCVB1433,09/26,45.0,45.0,358.6,62.0,1043,0,,2.5,2.5,0.0,2025-03-11,PCM/16094,537,PR1,2425
   2459,AC37B481AB,08/27,1171.43,1171.43,1538.0,1172.72,1045,0,,2.5,2.5,0.0,2025-03-12,PCM/16142,539,PR1,2425
   6622,E2401930,07/26,41.25,41.25,57.75,42.0,1051,0,,6.0,6.0,12.0,2025-03-12,CASH374333,541,PR1,2425
   6623,GCTB24007,11/26,151.15,151.15,211.6,152.0,1052,0,,6.0,6.0,12.0,2025-03-12,CASH374333,541,PR1,2425
   1148,CBT2414BC,08/26,1300.0,1300.0,2432.0,1450.0,1053,0,,2.5,2.5,0.0,2025-03-12,NCC/92589,542,PR1,2425
   2082,87240333AA,07/26,609.0,609.0,992.0,620.0,1057,0,,6.0,6.0,0.0,2025-03-13,CR/4245,544,PR1,2425
   2083,87240184AA,04/26,1575.0,1575.0,2978.0,1595.0,1058,0,,6.0,6.0,0.0,2025-03-13,CR/4245,544,PR1,2425
   4907,IDTLD1406,12/25,1050.0,1050.0,8800.0,1651.0,1059,0,,6.0,6.0,0.0,2025-03-13,PCM/16229,545,PR1,2425
   6583,24DK12G,10/26,18.7,18.7,69.8,22.0,1060,0,,6.0,6.0,12.0,2025-03-15,S-494,546,PR1,2425
   6481,AS9107,03/26,2.6,2.6,5.1,3.5,1062,0,,6.0,6.0,12.0,2025-03-15,CH/5541,547,PR1,2425
   6347,SB9251,04/27,15.5,15.5,28.25,18.0,1063,0,,6.0,6.0,12.0,2025-03-15,CH/5541,547,PR1,2425
   6623,GCTB24007,11/26,151.15,151.15,211.6,152.0,1064,0,,6.0,6.0,12.0,2025-03-12,CASH374757,548,PR1,2425
   6625,G35X044,10/26,176.93,176.93,247.7,178.2,1065,0,,6.0,6.0,12.0,2025-03-12,CASH374757,548,PR1,2425
   2436,DMTA2428G,09/27,24.0,24.0,40.0,25.0,1068,0,,6.0,6.0,0.0,2025-03-15,PCM/16312,550,PR1,2425
   6628,V479114,10/26,55.5,55.5,379.0,75.0,1072,0,,6.0,6.0,12.0,2025-03-18,2425CCB13983,552,PR1,2425
   3930,394057,10/25,760.0,760.0,2230.0,775.0,1073,0,,6.0,6.0,0.0,2025-03-18,2425CCB13983,552,PR1,2425
   6629,NTAE24,08/26,38.57,38.57,54.0,39.0,1074,0,,6.0,6.0,12.0,2025-03-18,CASH379580,553,PR1,2425
   6628,V479114,10/26,55.5,55.5,379.0,75.0,1075,0,,6.0,6.0,12.0,2025-03-19,2425CCB14009,554,PR1,2425
   2383,05241726,10/26,210.0,210.0,1314.0,225.0,1076,0,,6.0,6.0,0.0,2025-03-19,PCM/16408,555,PR1,2425
   6457,D140477,08/26,29.0,29.0,448.0,38.39,1078,0,,6.0,6.0,12.0,2025-03-20,CR/4329,557,PR1,2425
   6457,DH40422,08/26,29.5,29.5,448.0,38.39,1079,0,,6.0,6.0,12.0,2025-03-20,CR/4329,557,PR1,2425
   6457,DH40424,08/26,29.5,29.5,448.0,38.39,1080,0,,6.0,6.0,12.0,2025-03-20,CR/4329,557,PR1,2425
   6628,V479114,10/26,55.5,55.5,379.0,75.0,1082,0,,6.0,6.0,12.0,2025-03-20,2425CCB14110,558,PR1,2425
   2989,11030090,05/26,353.0,353.0,2205.4,491.0,1083,0,,6.0,6.0,12.0,2025-03-20,S/523,559,PR1,2425
   6256,M310,07/26,7.0,7.0,65.0,10.5,1104,0,,6.0,6.0,0.0,2025-03-22,CH/5667,571,PR1,2425
   6550,MA24A64,06/25,5.17,5.17,22.5,12.0,1106,0,,6.0,6.0,12.0,2025-03-22,CH/5667,571,PR1,2425
   1111,BC24314C,08/26,535.71,535.71,8448.72,1339.74,1107,0,,6.0,6.0,0.0,2025-03-23,TEMCAD,572,PR1,2425
    561,BPM243777,05/27,49.9,24.95,69.87,49.9,1108,0,,6.0,6.0,0.0,2025-03-24,CASH34753,573,PR1,2425
   6553,24740036,09/26,15.56,15.56,56.5,25.56,1109,0,,6.0,6.0,12.0,2025-03-24,CASH34753,573,PR1,2425
   6633,FOM2450,10/28,13.7,13.7,82.09,24.0,1110,0,,6.0,6.0,12.0,2025-03-24,CASH34753,573,PR1,2425
   6494,0425003,12/27,4.62,4.62,6.16,4.8,1111,0,,6.0,6.0,12.0,2025-03-24,CASH34753,573,PR1,2425
   2001,674I008,08/26,65.0,65.0,675.0,130.0,1115,0,,6.0,6.0,0.0,2025-03-25,NCC/96438,576,PR1,2425
   3837,1240036,07/26,220.0,220.0,2238.0,320.0,1129,0,,2.5,2.5,0.0,2025-03-27,CR/4433,578,PR1,2425
    429,M11512405A,06/26,5700.0,5700.0,8625.0,5815.0,1130,0,,6.0,6.0,0.0,2025-03-27,PORTERDENUB,579,PR1,2425
   6635,GTF3711A,11/27,147.86,147.86,207.0,156.25,1131,0,,6.0,6.0,12.0,2025-03-28,CASH189322,580,PR1,2425
   6583,25DB39Y,01/27,18.5,18.5,69.8,22.0,1132,0,,6.0,6.0,12.0,2025-03-29,S/572,581,PR1,2425
   3556,ALA2402EPA,06/26,550.0,550.0,1600.0,680.0,1134,0,,2.5,2.5,0.0,2025-03-31,D,583,PR1,2425
